variable	nvariants	query
ss_mej	2	https://ws.spraakbanken.gu.se/ws/korp/v8/count_time?cqp=(([word+=+'mig'+%25c+%7C+word+=+'dig'+%25c+%7C+word+=+'sig'+%25c])+%7C+([word+=+'mej'+%25c+%7C+word+=+'dej'+%25c+%7C+word+=+'sej'+%25c]))&corpus=flashback-dator&subcqp0=[word+=+'mig'+%25c+%7C+word+=+'dig'+%25c+%7C+word+=+'sig'+%25c]&subcqp1=[word+=+'mej'+%25c+%7C+word+=+'dej'+%25c+%7C+word+=+'sej'+%25c]
ss_kommer_att	2	https://ws.spraakbanken.gu.se/ws/korp/v8/count_time?cqp=(([word+=+'kommer'+%25c]+[word+=+'att'+%25c]+[pos+=+'VB'+%26+msd+=+'.*INF.*'])+%7C+([word+=+'kommer'+%25c]+[pos+=+'VB'+%26+msd+=+'.*INF.*']))&corpus=flashback-dator&subcqp0=[word+=+'kommer'+%25c]+[word+=+'att'+%25c]+[pos+=+'VB'+%26+msd+=+'.*INF.*']&subcqp1=[word+=+'kommer'+%25c]+[pos+=+'VB'+%26+msd+=+'.*INF.*']
ss_naan_asterisk	2	https://ws.spraakbanken.gu.se/ws/korp/v8/count_time?cqp=(([word+=+'n%C3%A5gon.*'+%25c+%7C+word+=+'n%C3%A5got.*'+%25c+%7C+word+=+'n%C3%A5gra.*'+%25c+])+%7C+([(word+=+'n%C3%A5n.*'+%25c+%26+word+!=+'n%C3%A5n%C3%A5'+%25c)+%7C+(word+=+'n%C3%A5t.*'+%25c+%26+pos+!=+'VB')+%7C+(word+=+'n%C3%A5ra.*'+%25c)+%7C+(word+=+'n%C3%A5rra.*'+%25c)]))&corpus=flashback-dator&subcqp0=[word+=+'n%C3%A5gon.*'+%25c+%7C+word+=+'n%C3%A5got.*'+%25c+%7C+word+=+'n%C3%A5gra.*'+%25c+]&subcqp1=[(word+=+'n%C3%A5n.*'+%25c+%26+word+!=+'n%C3%A5n%C3%A5'+%25c)+%7C+(word+=+'n%C3%A5t.*'+%25c+%26+pos+!=+'VB')+%7C+(word+=+'n%C3%A5ra.*'+%25c)+%7C+(word+=+'n%C3%A5rra.*'+%25c)]
med_vs_paa_kort_varsel	2	https://ws.spraakbanken.gu.se/ws/korp/v8/count_time?cqp=(([lex+contains+'med%5C.%5C.pp%5C.1']+[lex+contains+'kort%5C.%5C.av%5C.1']+[lex+contains+'varsel%5C.%5C.nn%5C.1'])+%7C+([lex+contains+'p%C3%A5%5C.%5C.pp%5C.1']+[lex+contains+'kort%5C.%5C.av%5C.1']+[lex+contains+'varsel%5C.%5C.nn%5C.1']))&corpus=flashback-dator&subcqp0=[lex+contains+'med%5C.%5C.pp%5C.1']+[lex+contains+'kort%5C.%5C.av%5C.1']+[lex+contains+'varsel%5C.%5C.nn%5C.1']&subcqp1=[lex+contains+'p%C3%A5%5C.%5C.pp%5C.1']+[lex+contains+'kort%5C.%5C.av%5C.1']+[lex+contains+'varsel%5C.%5C.nn%5C.1']
de_filtered_subj	1	https://ws.spraakbanken.gu.se/ws/korp/v8/count_time?cqp=([word+=+'de'+%25c++%26+(pos+=+'PN')+%26+(deprel+=+'SS'+%7C+deprel+=+'FS'+%7C+deprel+=+'ES')]+[word+!=+'som'+%25c])&corpus=flashback-dator
dem_filtered_subj	1	https://ws.spraakbanken.gu.se/ws/korp/v8/count_time?cqp=([word+=+'dem'+%25c++%26+(pos+=+'PN')+%26+(deprel+=+'SS'+%7C+deprel+=+'FS'+%7C+deprel+=+'ES')]+[word+!=+'som'+%25c])&corpus=flashback-dator
dom_filtered_subj	1	https://ws.spraakbanken.gu.se/ws/korp/v8/count_time?cqp=([deprel+!=+'DT'+%26+deprel+!=+'AT']+[word+=+'dom'+%25c++%26+(pos+=+'PN')+%26+(deprel+=+'SS'+%7C+deprel+=+'FS'+%7C+deprel+=+'ES')]+[word+!=+'som'+%25c])&corpus=flashback-dator
de_filtered	1	https://ws.spraakbanken.gu.se/ws/korp/v8/count_time?cqp=([word+=+'de'+%25c++%26+(pos+=+'PN'+%7C+pos+=+'DT')])&corpus=flashback-dator
dem_filtered	1	https://ws.spraakbanken.gu.se/ws/korp/v8/count_time?cqp=([word+=+'dem'+%25c++%26+(pos+=+'PN'+%7C+pos+=+'DT')])&corpus=flashback-dator
demsom_vs_desom	2	https://ws.spraakbanken.gu.se/ws/korp/v8/count_time?cqp=(([(word+=+'dem'+%25c)+%26+(pos+=+'PN'+%7C+pos+=+'DT')]+[word+=+'som'+%25c])+%7C+([(word+=+'de'+%25c)+%26+(pos+=+'PN'+%7C+pos+=+'DT')]+[word+=+'som'+%25c]))&corpus=flashback-dator&subcqp0=[(word+=+'dem'+%25c)+%26+(pos+=+'PN'+%7C+pos+=+'DT')]+[word+=+'som'+%25c]&subcqp1=[(word+=+'de'+%25c)+%26+(pos+=+'PN'+%7C+pos+=+'DT')]+[word+=+'som'+%25c]
pp_demsom_vs_desom	2	https://ws.spraakbanken.gu.se/ws/korp/v8/count_time?cqp=(([pos+=+%22PP%22]+[(word+=+'dem'+%25c)+%26+(pos+=+'PN'+%7C+pos+=+'DT')]+[word+=+'som'+%25c])+%7C+([pos+=+'PP']+[(word+=+'de'+%25c)+%26+(pos+=+'PN'+%7C+pos+=+'DT')]+[word+=+'som'+%25c]))&corpus=flashback-dator&subcqp0=[pos+=+%22PP%22]+[(word+=+'dem'+%25c)+%26+(pos+=+'PN'+%7C+pos+=+'DT')]+[word+=+'som'+%25c]&subcqp1=[pos+=+'PP']+[(word+=+'de'+%25c)+%26+(pos+=+'PN'+%7C+pos+=+'DT')]+[word+=+'som'+%25c]
de(m)_vs_dom	2	https://ws.spraakbanken.gu.se/ws/korp/v8/count_time?cqp=(([(word+=+'de'+%25c+%7C+word+=+'dem'+%25c)+%26+(pos+=+'PN'+%7C+pos+=+'DT')]+[word+!=+'som'+%25c])+%7C+([deprel+!=+'DT'+%26+deprel+!=+'AT']+[word+=+'dom'+%25c+%26+(pos+=+'PN'+%7C+pos+=+'DT')]+[word+!=+'som'+%25c]))&corpus=flashback-dator&subcqp0=[(word+=+'de'+%25c+%7C+word+=+'dem'+%25c)+%26+(pos+=+'PN'+%7C+pos+=+'DT')]+[word+!=+'som'+%25c]&subcqp1=[deprel+!=+'DT'+%26+deprel+!=+'AT']+[word+=+'dom'+%25c+%26+(pos+=+'PN'+%7C+pos+=+'DT')]+[word+!=+'som'+%25c]
hbt(q)2	2	https://ws.spraakbanken.gu.se/ws/korp/v8/count_time?cqp=(([(word+=+'hbt[%5Eq].*'+%25c+)])+%7C+([(word+=+'hbtq.*'+%25c+)]))&corpus=flashback-dator&subcqp0=[(word+=+'hbt[%5Eq].*'+%25c+)]&subcqp1=[(word+=+'hbtq.*'+%25c+)]
hbt(q)3	2	https://ws.spraakbanken.gu.se/ws/korp/v8/count_time?cqp=(([word+!=+'hbtv'+%25c]+[]+[word+=+'hbt[%5Eq].*'+%25c]+[word+!=+'%5C%5C'])+%7C+([word+!=+'%5C%5C']+[(word+=+'hbtq.*'+%25c+)]))&corpus=flashback-dator&subcqp0=[word+!=+'hbtv'+%25c]+[]+[word+=+'hbt[%5Eq].*'+%25c]+[word+!=+'%5C%5C']&subcqp1=[word+!=+'%5C%5C']+[(word+=+'hbtq.*'+%25c+)]
aen	2	https://ws.spraakbanken.gu.se/ws/korp/v8/count_time?cqp=(([word+=+'%C3%A4n'+%25c+%26+pos+=+'KN']+[msd+=+'.*SUB.*'+%26+(lex+contains+'jag%5C.%5C.pn%5C.1'+%7C+lex+contains+'du%5C.%5C.pn%5C.1'+%7C+lex+contains+'han%5C.%5C.pn%5C.1'+%7C+lex+contains+'hon%5C.%5C.pn%5C.1'+%7C+lex+contains+'vi%5C.%5C.pn%5C.1'+%7C+lex+contains+'ni%5C.%5C.pn%5C.1')])+%7C+([word+=+'%C3%A4n'+%25c+%26+pos+=+'KN']+[msd+=+'.*OBJ.*'+%26+(lex+contains+'jag%5C.%5C.pn%5C.1'+%7C+lex+contains+'du%5C.%5C.pn%5C.1'+%7C+lex+contains+'han%5C.%5C.pn%5C.1'+%7C+lex+contains+'hon%5C.%5C.pn%5C.1'+%7C+lex+contains+'vi%5C.%5C.pn%5C.1'+%7C+lex+contains+'ni%5C.%5C.pn%5C.1')]))&corpus=flashback-dator&subcqp0=[word+=+'%C3%A4n'+%25c+%26+pos+=+'KN']+[msd+=+'.*SUB.*'+%26+(lex+contains+'jag%5C.%5C.pn%5C.1'+%7C+lex+contains+'du%5C.%5C.pn%5C.1'+%7C+lex+contains+'han%5C.%5C.pn%5C.1'+%7C+lex+contains+'hon%5C.%5C.pn%5C.1'+%7C+lex+contains+'vi%5C.%5C.pn%5C.1'+%7C+lex+contains+'ni%5C.%5C.pn%5C.1')]&subcqp1=[word+=+'%C3%A4n'+%25c+%26+pos+=+'KN']+[msd+=+'.*OBJ.*'+%26+(lex+contains+'jag%5C.%5C.pn%5C.1'+%7C+lex+contains+'du%5C.%5C.pn%5C.1'+%7C+lex+contains+'han%5C.%5C.pn%5C.1'+%7C+lex+contains+'hon%5C.%5C.pn%5C.1'+%7C+lex+contains+'vi%5C.%5C.pn%5C.1'+%7C+lex+contains+'ni%5C.%5C.pn%5C.1')]
krya	2	https://ws.spraakbanken.gu.se/ws/korp/v8/count_time?cqp=(([word+=+'krya'+%26+msd+=+'.*IMP.*'+%25c]+[word+=+'p%C3%A5'+%25c]+[(lex+contains+'du%5C.%5C.pn%5C.1'+%7C+lex+contains+'ni%5C.%5C.pn%5C.1')])+%7C+([word+=+'krya'+%26+msd+=+'.*IMP.*'+%25c]+[word+=+'p%C3%A5'+%25c]+[(lex+contains+'han%5C.%5C.pn%5C.1'+%7C+lex+contains+'hon%5C.%5C.pn%5C.1'+%7C+lex+contains+'de%5C.%5C.pn%5C.1'+%7C+lex+contains+'son%5C.%5C.nn%5C.1'+%7C+lex+contains+'dotter%5C.%5C.nn%5C.1')]))&corpus=flashback-dator&subcqp0=[word+=+'krya'+%26+msd+=+'.*IMP.*'+%25c]+[word+=+'p%C3%A5'+%25c]+[(lex+contains+'du%5C.%5C.pn%5C.1'+%7C+lex+contains+'ni%5C.%5C.pn%5C.1')]&subcqp1=[word+=+'krya'+%26+msd+=+'.*IMP.*'+%25c]+[word+=+'p%C3%A5'+%25c]+[(lex+contains+'han%5C.%5C.pn%5C.1'+%7C+lex+contains+'hon%5C.%5C.pn%5C.1'+%7C+lex+contains+'de%5C.%5C.pn%5C.1'+%7C+lex+contains+'son%5C.%5C.nn%5C.1'+%7C+lex+contains+'dotter%5C.%5C.nn%5C.1')]
pm_dm	2	https://ws.spraakbanken.gu.se/ws/korp/v8/count_time?cqp=(([(word+=+'pm:a'+%25c+%7C+word+=+'pm:ar'+%25c+%7C+word+=+'pm:ade'+%25c+%7C+word+=+'pm:at'+%25c+%7C+word+=+'pm:as'+%25c+%7C+word+=+'pm:ades'+%25c+%7C+word+=+'pm:ats'+%25c+%7C+word+=+'pma'+%25c+%7C+word+=+'pmar'+%25c+%7C+word+=+'pmade'+%25c+%7C+word+=+'pmat'+%25c+%7C+word+=+'pmas'+%25c+%7C+word+=+'pmades'+%25c+%7C+word+=+'pmats'+%25c+)])+%7C+([(word+=+'dm:a'+%25c+%7C+word+=+'dm:ar'+%25c+%7C+word+=+'dm:ade'+%25c+%7C+word+=+'dm:at'+%25c+%7C+word+=+'dm:as'+%25c+%7C+word+=+'dm:ades'+%25c+%7C+word+=+'dm:ats'+%25c+%7C+word+=+'dma'+%25c+%7C+word+=+'dmar'+%25c+%7C+word+=+'dmade'+%25c+%7C+word+=+'dmat'+%25c+%7C+word+=+'dmas'+%25c+%7C+word+=+'dmades'+%25c+%7C+word+=+'dmats'+%25c+)]))&corpus=flashback-dator&subcqp0=[(word+=+'pm:a'+%25c+%7C+word+=+'pm:ar'+%25c+%7C+word+=+'pm:ade'+%25c+%7C+word+=+'pm:at'+%25c+%7C+word+=+'pm:as'+%25c+%7C+word+=+'pm:ades'+%25c+%7C+word+=+'pm:ats'+%25c+%7C+word+=+'pma'+%25c+%7C+word+=+'pmar'+%25c+%7C+word+=+'pmade'+%25c+%7C+word+=+'pmat'+%25c+%7C+word+=+'pmas'+%25c+%7C+word+=+'pmades'+%25c+%7C+word+=+'pmats'+%25c+)]&subcqp1=[(word+=+'dm:a'+%25c+%7C+word+=+'dm:ar'+%25c+%7C+word+=+'dm:ade'+%25c+%7C+word+=+'dm:at'+%25c+%7C+word+=+'dm:as'+%25c+%7C+word+=+'dm:ades'+%25c+%7C+word+=+'dm:ats'+%25c+%7C+word+=+'dma'+%25c+%7C+word+=+'dmar'+%25c+%7C+word+=+'dmade'+%25c+%7C+word+=+'dmat'+%25c+%7C+word+=+'dmas'+%25c+%7C+word+=+'dmades'+%25c+%7C+word+=+'dmats'+%25c+)]
krya	2	https://ws.spraakbanken.gu.se/ws/korp/v8/count_time?cqp=(([word+=+'krya'+%26+msd+=+'.*IMP.*'+%25c]+[word+=+'p%C3%A5'+%25c]+[(lex+contains+'du%5C.%5C.pn%5C.1'+%7C+lex+contains+'ni%5C.%5C.pn%5C.1')])+%7C+([word+=+'krya'+%26+msd+=+'.*IMP.*'+%25c]+[word+=+'p%C3%A5'+%25c]+[(lex+contains+'han%5C.%5C.pn%5C.1'+%7C+lex+contains+'hon%5C.%5C.pn%5C.1'+%7C+lex+contains+'de%5C.%5C.pn%5C.1'+%7C+lex+contains+'son%5C.%5C.nn%5C.1'+%7C+lex+contains+'dotter%5C.%5C.nn%5C.1')]))&corpus=flashback-dator&subcqp0=[word+=+'krya'+%26+msd+=+'.*IMP.*'+%25c]+[word+=+'p%C3%A5'+%25c]+[(lex+contains+'du%5C.%5C.pn%5C.1'+%7C+lex+contains+'ni%5C.%5C.pn%5C.1')]&subcqp1=[word+=+'krya'+%26+msd+=+'.*IMP.*'+%25c]+[word+=+'p%C3%A5'+%25c]+[(lex+contains+'han%5C.%5C.pn%5C.1'+%7C+lex+contains+'hon%5C.%5C.pn%5C.1'+%7C+lex+contains+'de%5C.%5C.pn%5C.1'+%7C+lex+contains+'son%5C.%5C.nn%5C.1'+%7C+lex+contains+'dotter%5C.%5C.nn%5C.1')]
ss_eftersom_att	2	https://ws.spraakbanken.gu.se/ws/korp/v8/count_time?cqp=(([word+=+'eftersom'+%25c]+[word+!=+'att'+%25c])+%7C+([word+=+'eftersom'+%25c]+[word+=+'att'+%25c]))&corpus=flashback-dator&subcqp0=[word+=+'eftersom'+%25c]+[word+!=+'att'+%25c]&subcqp1=[word+=+'eftersom'+%25c]+[word+=+'att'+%25c]
styv_bonus	2	https://ws.spraakbanken.gu.se/ws/korp/v8/count_time?cqp=(([word+=+'styv.*'+%25c+%26+(word+=+'.*familj.*'+%25c+%7C+word+=+'.*far.*'+%25c+%7C+word+=+'.*mor.*'+%25c+%7C+word+=+'.*papp.*'+%25c+%7C+word+=+'.*mamm.*'+%25c+%7C+word+=+'.*bror.*'+%25c+%7C+word+=+'.*syst.*'+%25c+%7C+word+=+'.*syskon.*'+%25c+%7C+word+=+'.*dott.*'+%25c+%7C+word+=+'.*son.*'+%25c+%7C+word+=+'.*barn.*'+%25c)])+%7C+([word+=+'bonus.*'+%25c+%26+(word+=+'.*familj.*'+%25c%7C+word+=+'.*far.*'+%25c+%7C+word+=+'.*mor.*'+%25c+%7C+word+=+'.*papp.*'+%25c+%7C+word+=+'.*mamm.*'+%25c+%7C+word+=+'.*bror.*'+%25c+%7C+word+=+'.*syst.*'+%25c+%7C+word+=+'.*syskon.*'+%25c+%7C+word+=+'.*dott.*'+%25c+%7C+word+=+'.*son.*'+%25c+%7C+word+=+'.*barn.*'+%25c)]))&corpus=flashback-dator&subcqp0=[word+=+'styv.*'+%25c+%26+(word+=+'.*familj.*'+%25c+%7C+word+=+'.*far.*'+%25c+%7C+word+=+'.*mor.*'+%25c+%7C+word+=+'.*papp.*'+%25c+%7C+word+=+'.*mamm.*'+%25c+%7C+word+=+'.*bror.*'+%25c+%7C+word+=+'.*syst.*'+%25c+%7C+word+=+'.*syskon.*'+%25c+%7C+word+=+'.*dott.*'+%25c+%7C+word+=+'.*son.*'+%25c+%7C+word+=+'.*barn.*'+%25c)]&subcqp1=[word+=+'bonus.*'+%25c+%26+(word+=+'.*familj.*'+%25c%7C+word+=+'.*far.*'+%25c+%7C+word+=+'.*mor.*'+%25c+%7C+word+=+'.*papp.*'+%25c+%7C+word+=+'.*mamm.*'+%25c+%7C+word+=+'.*bror.*'+%25c+%7C+word+=+'.*syst.*'+%25c+%7C+word+=+'.*syskon.*'+%25c+%7C+word+=+'.*dott.*'+%25c+%7C+word+=+'.*son.*'+%25c+%7C+word+=+'.*barn.*'+%25c)]
ndes	2	https://ws.spraakbanken.gu.se/ws/korp/v8/count_time?cqp=(([word+=+'.*nde'+%25c+%26+msd+=+'.*PRS.*'+%26+pos+=+'PC'])+%7C+([word+=+'.*ndes'+%25c+%26+msd+=+'.*PRS.*'+%26+pos+=+'VB']))&corpus=flashback-dator&subcqp0=[word+=+'.*nde'+%25c+%26+msd+=+'.*PRS.*'+%26+pos+=+'PC']&subcqp1=[word+=+'.*ndes'+%25c+%26+msd+=+'.*PRS.*'+%26+pos+=+'VB']
kommer_att0	2	https://ws.spraakbanken.gu.se/ws/korp/v8/count_time?cqp=(([word+=+'kommer'+%25c]+[word+=+'att'+%25c]+[pos+=+'VB'+%26+msd+=+'.*INF.*'])+%7C+([word+=+'kommer'+%25c]+[pos+=+'VB'+%26+msd+=+'.*INF.*']))&corpus=flashback-dator&subcqp0=[word+=+'kommer'+%25c]+[word+=+'att'+%25c]+[pos+=+'VB'+%26+msd+=+'.*INF.*']&subcqp1=[word+=+'kommer'+%25c]+[pos+=+'VB'+%26+msd+=+'.*INF.*']
hen_svebe	2	https://ws.spraakbanken.gu.se/ws/korp/v8/count_time?cqp=(([(word+=+'hon'+%25c+)+%7C+(word+=+'han'+%25c+)+%7C+(word+=+'henne'+%25c+)+%7C+(word+=+'honom'+%25c+)])+%7C+([(word+=+'hen'+%25c+)]))&corpus=flashback-dator&subcqp0=[(word+=+'hon'+%25c+)+%7C+(word+=+'han'+%25c+)+%7C+(word+=+'henne'+%25c+)+%7C+(word+=+'honom'+%25c+)]&subcqp1=[(word+=+'hen'+%25c+)]
kommer_att_vs_ska	2	https://ws.spraakbanken.gu.se/ws/korp/v8/count_time?cqp=((([lex+contains+'skola%5C.%5C.vb%5C.2'+%26+msd+=+'.*PRS.*']+[pos+=+'VB'+%26+msd+=+'.*INF.*']))+%7C+(([lex+contains+'komma%5C.%5C.vb%5C.1'+%26+msd+=+'.*PRS.*']+[pos+=+'VB'+%26+msd+=+'.*INF.*'])+%7C+([lex+contains+'komma%5C.%5C.vb%5C.1'+%26+msd+=+'.*PRS.*']+[word+=+'att']+[pos+=+'VB'+%26+msd+=+'.*INF.*'])))&corpus=flashback-dator&subcqp0=([lex+contains+'skola%5C.%5C.vb%5C.2'+%26+msd+=+'.*PRS.*']+[pos+=+'VB'+%26+msd+=+'.*INF.*'])&subcqp1=([lex+contains+'komma%5C.%5C.vb%5C.1'+%26+msd+=+'.*PRS.*']+[pos+=+'VB'+%26+msd+=+'.*INF.*'])+%7C+([lex+contains+'komma%5C.%5C.vb%5C.1'+%26+msd+=+'.*PRS.*']+[word+=+'att']+[pos+=+'VB'+%26+msd+=+'.*INF.*'])
nyord_elsparkcykel	1	https://ws.spraakbanken.gu.se/ws/korp/v8/count_time?cqp=([(word+=+'elsparkcykel'+)])&corpus=flashback-dator
nyord_elsparkcykel2	1	https://ws.spraakbanken.gu.se/ws/korp/v8/count_time?cqp=([(word+=+'elsparkcyk.*'+)])&corpus=flashback-dator
nyord_blogg	1	https://ws.spraakbanken.gu.se/ws/korp/v8/count_time?cqp=([(lex+contains+'blogg..nn.1'+)])&corpus=flashback-dator
nyord_googla	1	https://ws.spraakbanken.gu.se/ws/korp/v8/count_time?cqp=([(lex+contains+'googla..vb.1'+)])&corpus=flashback-dator
nyord_app	1	https://ws.spraakbanken.gu.se/ws/korp/v8/count_time?cqp=([(lex+contains+'app..nn.1'+)])&corpus=flashback-dator
nyord_covid-19,covid,covid19	1	https://ws.spraakbanken.gu.se/ws/korp/v8/count_time?cqp=([(word+=+'covid'+%25c+%7C+word+=+'covid-19'+%25c+%7C+word+=+'covid19'+%25c+)])&corpus=flashback-dator
nyord_foliehatt	1	https://ws.spraakbanken.gu.se/ws/korp/v8/count_time?cqp=([(lex+contains+'foliehatt..nn.1'+)])&corpus=flashback-dator
nyord_buda	1	https://ws.spraakbanken.gu.se/ws/korp/v8/count_time?cqp=([(lex+contains+'buda..vb.1'+)])&corpus=flashback-dator
nyord_svininfluensa	1	https://ws.spraakbanken.gu.se/ws/korp/v8/count_time?cqp=([(lex+contains+'svininfluensa..nn.1'+)])&corpus=flashback-dator
nyord_wiki	1	https://ws.spraakbanken.gu.se/ws/korp/v8/count_time?cqp=([(lex+contains+'wiki..nn.1'+)])&corpus=flashback-dator
nyord_blogga	1	https://ws.spraakbanken.gu.se/ws/korp/v8/count_time?cqp=([(lex+contains+'blogga..vb.1'+)])&corpus=flashback-dator
nyord_stalker	1	https://ws.spraakbanken.gu.se/ws/korp/v8/count_time?cqp=([(lex+contains+'stalker..nn.1'+)])&corpus=flashback-dator
nyord_följare	1	https://ws.spraakbanken.gu.se/ws/korp/v8/count_time?cqp=([(word+=+'f%C3%B6ljare'+%25c+%7C+word+=+'f%C3%B6ljaren'+%25c+%7C+word+=+'f%C3%B6ljarna'+%25c+%7C+word+=+'f%C3%B6ljares'+%25c+%7C+word+=+'f%C3%B6ljarens'+%25c+%7C+word+=+'f%C3%B6ljarnas'+%25c+)])&corpus=flashback-dator
nyord_curla	1	https://ws.spraakbanken.gu.se/ws/korp/v8/count_time?cqp=([(lex+contains+'curla..vb.2'+)])&corpus=flashback-dator
nyord_twittra,tvittra,kvittra	1	https://ws.spraakbanken.gu.se/ws/korp/v8/count_time?cqp=([(lex+contains+'twittra..vb.1'+%7C+lex+contains+'tvittra..vb.1'+%7C+lex+contains+'kvittra..vb.1'+)])&corpus=flashback-dator
nyord_bloggare	1	https://ws.spraakbanken.gu.se/ws/korp/v8/count_time?cqp=([(lex+contains+'bloggare..nn.1'+)])&corpus=flashback-dator
nyord_lockdown	1	https://ws.spraakbanken.gu.se/ws/korp/v8/count_time?cqp=([(word+=+'lockdown'+%25c+%7C+word+=+'lockdowns'+%25c+%7C+word+=+'lockdownen'+%25c+%7C+word+=+'lockdownens'+%25c+%7C+word+=+'lockdowner'+%25c+%7C+word+=+'lockdownerna'+%25c+%7C+word+=+'lockdownsen'+%25c+%7C+word+=+'lockdowners'+%25c+)])&corpus=flashback-dator
nyord_prio	1	https://ws.spraakbanken.gu.se/ws/korp/v8/count_time?cqp=([(word+=+'prio'+%25c+)])&corpus=flashback-dator
nyord_padda	1	https://ws.spraakbanken.gu.se/ws/korp/v8/count_time?cqp=([(word+=+'padda'+%25c+%7C+word+=+'paddan'+%25c+%7C+word+=+'paddor'+%25c+%7C+word+=+'paddorna'+%25c+%7C+word+=+'paddas'+%25c+%7C+word+=+'paddans'+%25c+%7C+word+=+'paddors'+%25c+%7C+word+=+'paddornas'+%25c+)])&corpus=flashback-dator
nyord_näthat	1	https://ws.spraakbanken.gu.se/ws/korp/v8/count_time?cqp=([(lex+contains+'n%C3%A4that..nn.1'+)])&corpus=flashback-dator
nyord_Haffa	1	https://ws.spraakbanken.gu.se/ws/korp/v8/count_time?cqp=([(lex+contains+'haffa..vb.1'+)])&corpus=flashback-dator
nyord_hypa	1	https://ws.spraakbanken.gu.se/ws/korp/v8/count_time?cqp=([(lex+contains+'hypa..vb.1'+)])&corpus=flashback-dator
nyord_#metoo,metoo	1	https://ws.spraakbanken.gu.se/ws/korp/v8/count_time?cqp=([(word+=+'metoo'+%25c+%7C+word+=+'metoos'+%25c+)])&corpus=flashback-dator
nyord_stalka	1	https://ws.spraakbanken.gu.se/ws/korp/v8/count_time?cqp=([(lex+contains+'stalka..vb.1'+)])&corpus=flashback-dator
nyord_matkasse	1	https://ws.spraakbanken.gu.se/ws/korp/v8/count_time?cqp=([(word+=+'matkasse'+%25c+%7C+word+=+'matkasses'+%25c+%7C+word+=+'matkassen'+%25c+%7C+word+=+'matkassens'+%25c+%7C+word+=+'matkassar'+%25c+%7C+word+=+'matkassars'+%25c+%7C+word+=+'matkassarna'+%25c+%7C+word+=+'matkassarnas'+%25c+)])&corpus=flashback-dator
nyord_menskopp	1	https://ws.spraakbanken.gu.se/ws/korp/v8/count_time?cqp=([(word+=+'menskopp'+%25c+%7C+word+=+'menskopps'+%25c+%7C+word+=+'menskoppen'+%25c+%7C+word+=+'menskoppens'+%25c+%7C+word+=+'menskoppar'+%25c+%7C+word+=+'menskoppars'+%25c+%7C+word+=+'menskopparna'+%25c+%7C+word+=+'menskopparnas'+%25c+)])&corpus=flashback-dator
nyord_sprita	1	https://ws.spraakbanken.gu.se/ws/korp/v8/count_time?cqp=([(lex+contains+'sprita..vb.3'+)])&corpus=flashback-dator
nyord_fronta	1	https://ws.spraakbanken.gu.se/ws/korp/v8/count_time?cqp=([(lex+contains+'fronta..vb.1'+)])&corpus=flashback-dator
nyord_vaccinpass	1	https://ws.spraakbanken.gu.se/ws/korp/v8/count_time?cqp=([(word+=+'vaccinpass'+%25c+%7C+word+=+'vaccinpasset'+%25c+%7C+word+=+'vaccinpassets'+%25c+%7C+word+=+'vaccinpassen'+%25c+%7C+word+=+'vaccinpassens'+%25c+)])&corpus=flashback-dator
nyord_incel	1	https://ws.spraakbanken.gu.se/ws/korp/v8/count_time?cqp=([(word+=+'incel'+%25c+%7C+word+=+'incelen'+%25c+%7C+word+=+'inceln'+%25c+%7C+word+=+'inceler'+%25c+%7C+word+=+'incelerna'+%25c+%7C+word+=+'incels'+%25c+%7C+word+=+'inselsen'+%25c+%7C+word+=+'incell'+%25c+%7C+word+=+'incellen'+%25c+%7C+word+=+'inceller'+%25c+%7C+word+=+'incellerna'+%25c+%7C+word+=+'incells'+%25c+%7C+word+=+'incellsen'+%25c+)])&corpus=flashback-dator
nyord_brexit	1	https://ws.spraakbanken.gu.se/ws/korp/v8/count_time?cqp=([(word+=+'brexit'+%25c+)])&corpus=flashback-dator
nyord_anime	1	https://ws.spraakbanken.gu.se/ws/korp/v8/count_time?cqp=([(word+=+'anime'+%25c+)])&corpus=flashback-dator
nyord_barnvagnsbio,babybio,bebisbio,spädbarnsbio	1	https://ws.spraakbanken.gu.se/ws/korp/v8/count_time?cqp=([(word+=+'babybio'+%25c+%7C+word+=+'babybion'+%25c+%7C+word+=+'babybios'+%25c+%7C+word+=+'babybions'+%25c+%7C+word+=+'bebisbio'+%25c+%7C+word+=+'bebisbion'+%25c+%7C+word+=+'bebisbios'+%25c+%7C+word+=+'bebisbions'+%25c+%7C+word+=+'barnvagnsbio'+%25c+%7C+word+=+'barnvagnsbios'+%25c+%7C+word+=+'barnvagnsbion'+%25c+%7C+word+=+'barnvagnsbions'+%25c+)])&corpus=flashback-dator
nyord_åsiktskorridor	1	https://ws.spraakbanken.gu.se/ws/korp/v8/count_time?cqp=([(word+=+'%C3%A5siktskorridor'+%25c+%7C+word+=+'%C3%A5siktskorridoren'+%25c+%7C+word+=+'%C3%A5siktskorridorn'+%25c+%7C+word+=+'%C3%A5siktskorridors'+%25c+%7C+word+=+'%C3%A5siktskorridorens'+%25c+%7C+word+=+'%C3%A5siktskorridorns'+%25c+%7C+word+=+'%C3%A5siktskorridorer'+%25c+%7C+word+=+'%C3%A5siktskorridorerna'+%25c+%7C+word+=+'%C3%A5siktskorridorers'+%25c+%7C+word+=+'%C3%A5siktskorridorernas'+%25c+)])&corpus=flashback-dator
nyord_stalking,stalkning	1	https://ws.spraakbanken.gu.se/ws/korp/v8/count_time?cqp=([(lex+contains+'stalking..nn.1'+%7C+lex+contains+'stalkning..nn.1'+)])&corpus=flashback-dator
nyord_selfie	1	https://ws.spraakbanken.gu.se/ws/korp/v8/count_time?cqp=([(word+=+'selfie'+%25c+%7C+word+=+'selfien'+%25c+%7C+word+=+'selfies'+%25c+%7C+word+=+'selfiens'+%25c+%7C+word+=+'selfier'+%25c+%7C+word+=+'selfierna'+%25c+%7C+word+=+'selfiers'+%25c+%7C+word+=+'selfiernas'+%25c+%7C+word+=+'selfiesar'+%25c+%7C+word+=+'selfiesars'+%25c+%7C+word+=+'selfiesarna'+%25c+%7C+word+=+'selfiesen'+%25c+%7C+word+=+'selfiesens'+%25c+%7C+word+=+'selfiesarnas'+%25c+)])&corpus=flashback-dator
nyord_digitalbox	1	https://ws.spraakbanken.gu.se/ws/korp/v8/count_time?cqp=([(lex+contains+'digitalbox..nn.1'+)])&corpus=flashback-dator
nyord_topsa	1	https://ws.spraakbanken.gu.se/ws/korp/v8/count_time?cqp=([(lex+contains+'topsa..vb.1'+)])&corpus=flashback-dator
nyord_spikmatta	1	https://ws.spraakbanken.gu.se/ws/korp/v8/count_time?cqp=([(lex+contains+'spikmatta..nn.1'+)])&corpus=flashback-dator
nyord_sporta	1	https://ws.spraakbanken.gu.se/ws/korp/v8/count_time?cqp=([(lex+contains+'sporta..vb.1'+)])&corpus=flashback-dator
nyord_trängselskatt	1	https://ws.spraakbanken.gu.se/ws/korp/v8/count_time?cqp=([(word+=+'tr%C3%A4ngselskatt'+%25c+%7C+word+=+'tr%C3%A4ngselskatts'+%25c+%7C+word+=+'tr%C3%A4ngselskatten'+%25c+%7C+word+=+'tr%C3%A4ngselskattens'+%25c+%7C+word+=+'tr%C3%A4ngselskatter'+%25c+%7C+word+=+'tr%C3%A4ngselskatters'+%25c+%7C+word+=+'tr%C3%A4ngselskatterna'+%25c+%7C+word+=+'tr%C3%A4ngselskatternas'+%25c+)])&corpus=flashback-dator
nyord_pimpa	1	https://ws.spraakbanken.gu.se/ws/korp/v8/count_time?cqp=([(lex+contains+'pimpa..vb.1'+)])&corpus=flashback-dator
nyord_framåtlutad	1	https://ws.spraakbanken.gu.se/ws/korp/v8/count_time?cqp=([(lex+contains+'fram%C3%A5tlutad..av.1'+)])&corpus=flashback-dator
nyord_klimathot	1	https://ws.spraakbanken.gu.se/ws/korp/v8/count_time?cqp=([(lex+contains+'klimathot..nn.1'+)])&corpus=flashback-dator
nyord_sars	1	https://ws.spraakbanken.gu.se/ws/korp/v8/count_time?cqp=([(word+=+'sars'+%25c+)])&corpus=flashback-dator
nyord_hedersvåld	1	https://ws.spraakbanken.gu.se/ws/korp/v8/count_time?cqp=([(word+=+'hedersv%C3%A5ld'+%25c+%7C+word+=+'hedersv%C3%A5lds'+%25c+%7C+word+=+'hedersv%C3%A5ldet'+%25c+%7C+word+=+'hedersv%C3%A5ldets'+%25c+)])&corpus=flashback-dator
nyord_entourage	1	https://ws.spraakbanken.gu.se/ws/korp/v8/count_time?cqp=([(word+=+'entourage'+%25c+%7C+word+=+'entouraget'+%25c+%7C+word+=+'entouragen'+%25c+%7C+word+=+'entourages'+%25c+%7C+word+=+'entouragets'+%25c+%7C+word+=+'entouragens'+%25c+)])&corpus=flashback-dator
nyord_Foppatoffel	1	https://ws.spraakbanken.gu.se/ws/korp/v8/count_time?cqp=([(lex+contains+'foppatoffel..nn.1'+)])&corpus=flashback-dator
nyord_vintage	1	https://ws.spraakbanken.gu.se/ws/korp/v8/count_time?cqp=([(word+=+'vintage'+%25c+)])&corpus=flashback-dator
nyord_EU-migrant	1	https://ws.spraakbanken.gu.se/ws/korp/v8/count_time?cqp=([(lex+contains+'EU-migrant..nn.1'+)])&corpus=flashback-dator
nyord_svinna	1	https://ws.spraakbanken.gu.se/ws/korp/v8/count_time?cqp=([(lex+contains+'svinna..vb.1'+)])&corpus=flashback-dator
nyord_hbt	1	https://ws.spraakbanken.gu.se/ws/korp/v8/count_time?cqp=([(word+=+'hbt'+%25c+)])&corpus=flashback-dator
nyord_hbt2	1	https://ws.spraakbanken.gu.se/ws/korp/v8/count_time?cqp=([(word+=+'hbt*'+%25c+)])&corpus=flashback-dator
nyord_hbtq	1	https://ws.spraakbanken.gu.se/ws/korp/v8/count_time?cqp=([(word+=+'hbtq'+%25c+)])&corpus=flashback-dator
nyord_hbtq2	1	https://ws.spraakbanken.gu.se/ws/korp/v8/count_time?cqp=([(word+=+'hbtq*'+%25c+)])&corpus=flashback-dator
nyord_Halmdocka	1	https://ws.spraakbanken.gu.se/ws/korp/v8/count_time?cqp=([(word+=+'halmdocka'+%25c+%7C+word+=+'halmdockas'+%25c+%7C+word+=+'halmdockan'+%25c+%7C+word+=+'halmdockans'+%25c+%7C+word+=+'halmdockor'+%25c+%7C+word+=+'halmdockors'+%25c+%7C+word+=+'halmdockorna'+%25c+%7C+word+=+'halmdockornas'+%25c+)])&corpus=flashback-dator
nyord_chippa	1	https://ws.spraakbanken.gu.se/ws/korp/v8/count_time?cqp=([(word+=+'chippa'+%25c+%7C+word+=+'chippar'+%25c+%7C+word+=+'chippade'+%25c+%7C+word+=+'chippat'+%25c+%7C+word+=+'chippas'+%25c+%7C+word+=+'chippades'+%25c+%7C+word+=+'chippats'+%25c+)])&corpus=flashback-dator
nyord_transfett	1	https://ws.spraakbanken.gu.se/ws/korp/v8/count_time?cqp=([(lex+contains+'transfett..nn.1'+)])&corpus=flashback-dator
nyord_e-sport	1	https://ws.spraakbanken.gu.se/ws/korp/v8/count_time?cqp=([(word+=+'e-sport'+%25c+%7C+word+=+'e-sports'+%25c+%7C+word+=+'e-sporten'+%25c+%7C+word+=+'e-sportens'+%25c+%7C+word+=+'e-sporter'+%25c+%7C+word+=+'e-sporters'+%25c+%7C+word+=+'e-sporterna'+%25c+%7C+word+=+'e-sporternas'+%25c+)])&corpus=flashback-dator
nyord_snackis	1	https://ws.spraakbanken.gu.se/ws/korp/v8/count_time?cqp=([(word+=+'snackis'+%25c+%7C+word+=+'snackisen'+%25c+%7C+word+=+'snackisens'+%25c+%7C+word+=+'snackisar'+%25c+%7C+word+=+'snackisarna'+%25c+%7C+word+=+'snackisars'+%25c+%7C+word+=+'snackisarnas'+%25c+)])&corpus=flashback-dator
nyord_dampa	1	https://ws.spraakbanken.gu.se/ws/korp/v8/count_time?cqp=([(lex+contains+'dampa..vb.2'+)])&corpus=flashback-dator
nyord_transponder	1	https://ws.spraakbanken.gu.se/ws/korp/v8/count_time?cqp=([(word+=+'transponder'+%25c+%7C+word+=+'transpondern'+%25c+%7C+word+=+'transponders'+%25c+%7C+word+=+'transponderns'+%25c+%7C+word+=+'transpondrar'+%25c+%7C+word+=+'transpondrarna'+%25c+%7C+word+=+'transpondrars'+%25c+%7C+word+=+'transpondrarnas'+%25c+)])&corpus=flashback-dator
nyord_rondellhund	1	https://ws.spraakbanken.gu.se/ws/korp/v8/count_time?cqp=([(lex+contains+'rondellhund..nn.1'+)])&corpus=flashback-dator
nyord_instegsjobb	1	https://ws.spraakbanken.gu.se/ws/korp/v8/count_time?cqp=([(word+=+'instegsjobb'+%25c+%7C+word+=+'instegsjobbet'+%25c+%7C+word+=+'instegsjobbs'+%25c+%7C+word+=+'instegsjobbets'+%25c+%7C+word+=+'instegsjobben'+%25c+%7C+word+=+'instegsjobbens'+%25c+)])&corpus=flashback-dator
nyord_bröllopsklänning	1	https://ws.spraakbanken.gu.se/ws/korp/v8/count_time?cqp=([(lex+contains+'br%C3%B6llopskl%C3%A4nning..nn.1'+)])&corpus=flashback-dator
nyord_Trollfabrik	1	https://ws.spraakbanken.gu.se/ws/korp/v8/count_time?cqp=([(word+=+'trollfabrik'+%25c+%7C+word+=+'trollfabriken'+%25c+%7C+word+=+'trollfabriks'+%25c+%7C+word+=+'trollfabrikens'+%25c+%7C+word+=+'trollfabriker'+%25c+%7C+word+=+'trollfabrikerna'+%25c+%7C+word+=+'trollfabrikers'+%25c+%7C+word+=+'trollfabrikernas'+%25c+)])&corpus=flashback-dator
nyord_kubtest	1	https://ws.spraakbanken.gu.se/ws/korp/v8/count_time?cqp=([(word+=+'kubtest'+%25c+%7C+word+=+'kubtesten'+%25c+%7C+word+=+'kubtestet'+%25c+%7C+word+=+'kubtester'+%25c+%7C+word+=+'kubtesterna'+%25c+%7C+word+=+'kubtests'+%25c+%7C+word+=+'kubtestens'+%25c+%7C+word+=+'kubtestets'+%25c+%7C+word+=+'kubtesters'+%25c+%7C+word+=+'kubtesternas'+%25c+%7C+word+=+'kubbtest'+%25c+%7C+word+=+'kubbtesten'+%25c+%7C+word+=+'kubbtestet'+%25c+%7C+word+=+'kubbtester'+%25c+%7C+word+=+'kubbtesterna'+%25c+%7C+word+=+'kubbtests'+%25c+%7C+word+=+'kubbtestens'+%25c+%7C+word+=+'kubbtestets'+%25c+%7C+word+=+'kubbtesters'+%25c+%7C+word+=+'kubbtesternas'+%25c+%7C+word+=+'kub-test'+%25c+%7C+word+=+'kub-testen'+%25c+%7C+word+=+'kub-testet'+%25c+%7C+word+=+'kub-tester'+%25c+%7C+word+=+'kub-testerna'+%25c+%7C+word+=+'kub-tests'+%25c+%7C+word+=+'kub-testens'+%25c+%7C+word+=+'kub-testets'+%25c+%7C+word+=+'kub-testers'+%25c+%7C+word+=+'kub-testernas'+%25c+%7C+word+=+'kubb-test'+%25c+%7C+word+=+'kubb-testen'+%25c+%7C+word+=+'kubb-testet'+%25c+%7C+word+=+'kubb-tester'+%25c+%7C+word+=+'kubb-testerna'+%25c+%7C+word+=+'kubb-tests'+%25c+%7C+word+=+'kubb-testens'+%25c+%7C+word+=+'kubb-testets'+%25c+%7C+word+=+'kubb-testers'+%25c+%7C+word+=+'kubb-testernas'+%25c+)])&corpus=flashback-dator
nyord_videosamtal	1	https://ws.spraakbanken.gu.se/ws/korp/v8/count_time?cqp=([(word+=+'videosamtal'+%25c+%7C+word+=+'videosamtalet'+%25c+%7C+word+=+'videosamtals'+%25c+%7C+word+=+'videosamtalets'+%25c+%7C+word+=+'videosamtalen'+%25c+%7C+word+=+'videosamtalens'+%25c+)])&corpus=flashback-dator
nyord_cringe	1	https://ws.spraakbanken.gu.se/ws/korp/v8/count_time?cqp=([(word+=+'cringe'+%25c+)])&corpus=flashback-dator
nyord_Svischa	1	https://ws.spraakbanken.gu.se/ws/korp/v8/count_time?cqp=([(word+=+'svischa'+%25c+%7C+word+=+'svischar'+%25c+%7C+word+=+'svischade'+%25c+%7C+word+=+'svischat'+%25c+%7C+word+=+'svischas'+%25c+%7C+word+=+'svischades'+%25c+%7C+word+=+'svischats'+%25c+%7C+word+=+'swischa'+%25c+%7C+word+=+'swischar'+%25c+%7C+word+=+'swischade'+%25c+%7C+word+=+'swischat'+%25c+%7C+word+=+'swischas'+%25c+%7C+word+=+'swischades'+%25c+%7C+word+=+'swischats'+%25c+%7C+word+=+'swisha'+%25c+%7C+word+=+'swishar'+%25c+%7C+word+=+'swishade'+%25c+%7C+word+=+'swishat'+%25c+%7C+word+=+'swishas'+%25c+%7C+word+=+'swishades'+%25c+%7C+word+=+'swishats'+%25c+%7C+word+=+'svisha'+%25c+%7C+word+=+'svishar'+%25c+%7C+word+=+'svishade'+%25c+%7C+word+=+'svishat'+%25c+%7C+word+=+'svishas'+%25c+%7C+word+=+'svishades'+%25c+%7C+word+=+'svishats'+%25c+)])&corpus=flashback-dator
nyord_curlingförälder	1	https://ws.spraakbanken.gu.se/ws/korp/v8/count_time?cqp=([(lex+contains+'curlingf%C3%B6r%C3%A4lder..nn.1'+)])&corpus=flashback-dator
nyord_Youtuber	1	https://ws.spraakbanken.gu.se/ws/korp/v8/count_time?cqp=([(word+=+'youtuber'+%25c+%7C+word+=+'youtubern'+%25c+%7C+word+=+'youtubers'+%25c+%7C+word+=+'youtuberns'+%25c+%7C+word+=+'youtuberna'+%25c+%7C+word+=+'youtubernas'+%25c+%7C+word+=+'youtubeare'+%25c+%7C+word+=+'youtubearna'+%25c+%7C+word+=+'youtubeares'+%25c+%7C+word+=+'youtubearrnas'+%25c+)])&corpus=flashback-dator
nyord_nätpoker	1	https://ws.spraakbanken.gu.se/ws/korp/v8/count_time?cqp=([(word+=+'n%C3%A4tpoker'+%25c+%7C+word+=+'n%C3%A4tpokern'+%25c+%7C+word+=+'n%C3%A4tpokers'+%25c+%7C+word+=+'n%C3%A4tpokerns'+%25c+)])&corpus=flashback-dator
nyord_blingbling	1	https://ws.spraakbanken.gu.se/ws/korp/v8/count_time?cqp=([(word+=+'blingbling'+%25c+%7C+word+=+'blingblinget'+%25c+%7C+word+=+'blingblings'+%25c+%7C+word+=+'blingblingets'+%25c+%7C+word+=+'bingblingen'+%25c+%7C+word+=+'blingblingens'+%25c+)])&corpus=flashback-dator
nyord_nystartsjobb	1	https://ws.spraakbanken.gu.se/ws/korp/v8/count_time?cqp=([(word+=+'nystartsjobb'+%25c+%7C+word+=+'nystartsjobbs'+%25c+%7C+word+=+'nystartsjobbet'+%25c+%7C+word+=+'nystartsjobbets'+%25c+%7C+word+=+'nystartsjobben'+%25c+%7C+word+=+'nystartsjobbens'+%25c+)])&corpus=flashback-dator
nyord_klimatsmart	1	https://ws.spraakbanken.gu.se/ws/korp/v8/count_time?cqp=([(lex+contains+'klimatsmart..av.1'+)])&corpus=flashback-dator
nyord_livspussel	1	https://ws.spraakbanken.gu.se/ws/korp/v8/count_time?cqp=([(word+=+'livspussel'+%25c+%7C+word+=+'livspussels'+%25c+%7C+word+=+'livspusslet'+%25c+%7C+word+=+'livspusslets'+%25c+%7C+word+=+'livspusslen'+%25c+%7C+word+=+'livspusslens'+%25c+)])&corpus=flashback-dator
nyord_killgissa	1	https://ws.spraakbanken.gu.se/ws/korp/v8/count_time?cqp=([(word+=+'killgissa'+%25c+%7C+word+=+'killgissar'+%25c+%7C+word+=+'killgissade'+%25c+%7C+word+=+'killgissat'+%25c+%7C+word+=+'killgissas'+%25c+%7C+word+=+'killgissades'+%25c+%7C+word+=+'killgissats'+%25c+)])&corpus=flashback-dator
nyord_backslick	1	https://ws.spraakbanken.gu.se/ws/korp/v8/count_time?cqp=([(word+=+'backslick'+%25c+%7C+word+=+'backslicket'+%25c+%7C+word+=+'backslicken'+%25c+%7C+word+=+'backslicks'+%25c+%7C+word+=+'backslickets'+%25c+%7C+word+=+'backslickens'+%25c+)])&corpus=flashback-dator
nyord_skypa,skajpa	1	https://ws.spraakbanken.gu.se/ws/korp/v8/count_time?cqp=([(word+=+'skypar'+%25c+%7C+word+=+'skajpar'+%25c+%7C+word+=+'skypas'+%25c+%7C+word+=+'skajpas'+%25c+%7C+word+=+'skypade'+%25c+%7C+word+=+'skajpade'+%25c+%7C+word+=+'skypades'+%25c+%7C+word+=+'skajpades'+%25c+%7C+word+=+'skypa'+%25c+%7C+word+=+'skajpa'+%25c+%7C+word+=+'skypat'+%25c+%7C+word+=+'skajpat'+%25c+%7C+word+=+'skypats'+%25c+%7C+word+=+'skajpade'+%25c+%7C+word+=+'skypande'+%25c+%7C+word+=+'skajpande'+%25c+%7C+word+=+'skypandes'+%25c+%7C+word+=+'skajpandes'+%25c+)])&corpus=flashback-dator
nyord_blåljuspersonal	1	https://ws.spraakbanken.gu.se/ws/korp/v8/count_time?cqp=()])&corpus=flashback-dator
nyord_geocaching	1	https://ws.spraakbanken.gu.se/ws/korp/v8/count_time?cqp=()])&corpus=flashback-dator
nyord_rasifierad	1	https://ws.spraakbanken.gu.se/ws/korp/v8/count_time?cqp=()])&corpus=flashback-dator
nyord_bjästa	1	https://ws.spraakbanken.gu.se/ws/korp/v8/count_time?cqp=([(word+=+'bj%C3%A4sta'+%25c+%7C+word+=+'bj%C3%A4star'+%25c+%7C+word+=+'bj%C3%A4stade'+%25c+%7C+word+=+'bj%C3%A4stat'+%25c+%7C+word+=+'bj%C3%A4stas'+%25c+%7C+word+=+'bj%C3%A4stades'+%25c+%7C+word+=+'bj%C3%A4stats'+%25c+)])&corpus=flashback-dator
nyord_sudoku	1	https://ws.spraakbanken.gu.se/ws/korp/v8/count_time?cqp=()])&corpus=flashback-dator
nyord_Douche	1	https://ws.spraakbanken.gu.se/ws/korp/v8/count_time?cqp=()])&corpus=flashback-dator
nyord_ankarbarn	1	https://ws.spraakbanken.gu.se/ws/korp/v8/count_time?cqp=()])&corpus=flashback-dator
nyord_polyamorös	1	https://ws.spraakbanken.gu.se/ws/korp/v8/count_time?cqp=()])&corpus=flashback-dator
nyord_blockkedja	1	https://ws.spraakbanken.gu.se/ws/korp/v8/count_time?cqp=()])&corpus=flashback-dator
nyord_antivaxxare	1	https://ws.spraakbanken.gu.se/ws/korp/v8/count_time?cqp=()])&corpus=flashback-dator
nyord_paltkoma	1	https://ws.spraakbanken.gu.se/ws/korp/v8/count_time?cqp=([(lex+contains+'paltkoma..nn.1'+)])&corpus=flashback-dator
nyord_väggord	1	https://ws.spraakbanken.gu.se/ws/korp/v8/count_time?cqp=([(word+=+'v%C3%A4ggord'+%25c+%7C+word+=+'v%C3%A4ggordet'+%25c+%7C+word+=+'v%C3%A4ggorden'+%25c+%7C+word+=+'v%C3%A4ggordena'+%25c+%7C+word+=+'v%C3%A4ggords'+%25c+%7C+word+=+'v%C3%A4ggordets'+%25c+%7C+word+=+'v%C3%A4ggordens'+%25c+%7C+word+=+'v%C3%A4ggordenas'+%25c+)])&corpus=flashback-dator
nyord_whataboutism	1	https://ws.spraakbanken.gu.se/ws/korp/v8/count_time?cqp=()])&corpus=flashback-dator
nyord_facebooka,fejsbooka	1	https://ws.spraakbanken.gu.se/ws/korp/v8/count_time?cqp=([(word+=+'facebookar'+%25c+%7C+word+=+'fejsbookar'+%25c+%7C+word+=+'facebookas'+%25c+%7C+word+=+'fejsbookas'+%25c+%7C+word+=+'facebookade'+%25c+%7C+word+=+'fejsbookade'+%25c+%7C+word+=+'facebookades'+%25c+%7C+word+=+'fejsbookades'+%25c+%7C+word+=+'facebooka'+%25c+%7C+word+=+'fejsbooka'+%25c+%7C+word+=+'facebookat'+%25c+%7C+word+=+'fejsbookat'+%25c+%7C+word+=+'facebookats'+%25c+%7C+word+=+'fejsbookats'+%25c+%7C+word+=+'facebookande'+%25c+%7C+word+=+'fejsbookande'+%25c+%7C+word+=+'facebookandes'+%25c+%7C+word+=+'fejsbookandes'+%25c+%7C+word+=+'facebookad'+%25c+%7C+word+=+'fejsbookad'+%25c+%7C+word+=+'facebookads'+%25c+%7C+word+=+'fejsbookads'+%25c+)])&corpus=flashback-dator
nyord_filterbubbla	1	https://ws.spraakbanken.gu.se/ws/korp/v8/count_time?cqp=([(word+=+'filterbubbla'+%25c+%7C+word+=+'filterbubblan'+%25c+%7C+word+=+'filterbubblor'+%25c+%7C+word+=+'filterbubblorna'+%25c+%7C+word+=+'filterbubblas'+%25c+%7C+word+=+'filterbubblans'+%25c+%7C+word+=+'filterbubblors'+%25c+%7C+word+=+'filterbubblornas'+%25c+)])&corpus=flashback-dator
nyord_regnbågsbarn	1	https://ws.spraakbanken.gu.se/ws/korp/v8/count_time?cqp=()])&corpus=flashback-dator
nyord_burkini	1	https://ws.spraakbanken.gu.se/ws/korp/v8/count_time?cqp=()])&corpus=flashback-dator
nyord_köttberg	1	https://ws.spraakbanken.gu.se/ws/korp/v8/count_time?cqp=()])&corpus=flashback-dator
nyord_Faktaresistens	1	https://ws.spraakbanken.gu.se/ws/korp/v8/count_time?cqp=()])&corpus=flashback-dator
nyord_vuvuzela	1	https://ws.spraakbanken.gu.se/ws/korp/v8/count_time?cqp=([(lex+contains+'vuvuzela..nn.1'+)])&corpus=flashback-dator
oevertagit_vs_oevertatt	2	https://ws.spraakbanken.gu.se/ws/korp/v8/count_time?cqp=(([word+=+'%C3%B6vertagit'])+%7C+([word+=+'%C3%B6vertatt']))&corpus=flashback-dator&subcqp0=[word+=+'%C3%B6vertagit']&subcqp1=[word+=+'%C3%B6vertatt']
oevertaga_vs_oeverta_inf	2	https://ws.spraakbanken.gu.se/ws/korp/v8/count_time?cqp=(([word+=+'%C3%B6vertaga'])+%7C+([word+=+'%C3%B6verta']))&corpus=flashback-dator&subcqp0=[word+=+'%C3%B6vertaga']&subcqp1=[word+=+'%C3%B6verta']
tagit_vs_tatt	2	https://ws.spraakbanken.gu.se/ws/korp/v8/count_time?cqp=(([word+=+'har']+[word+=+'tagit'])+%7C+([word+=+'har']+[word+=+'tatt']))&corpus=flashback-dator&subcqp0=[word+=+'har']+[word+=+'tagit']&subcqp1=[word+=+'har']+[word+=+'tatt']
givit_vs_gett	2	https://ws.spraakbanken.gu.se/ws/korp/v8/count_time?cqp=(([word+=+'har']+[word+=+'givit'])+%7C+([word+=+'har']+[word+=+'gett']))&corpus=flashback-dator&subcqp0=[word+=+'har']+[word+=+'givit']&subcqp1=[word+=+'har']+[word+=+'gett']
spridit	2	https://ws.spraakbanken.gu.se/ws/korp/v8/count_time?cqp=(([(word+=+'spritt'+%25c)+%26+msd+=+'.*SUP.*'+%26+pos+=+'VB'])+%7C+([(word+=+'spridit'+%25c)+%26+msd+=+'.*SUP.*'+%26+pos+=+'VB']))&corpus=flashback-dator&subcqp0=[(word+=+'spritt'+%25c)+%26+msd+=+'.*SUP.*'+%26+pos+=+'VB']&subcqp1=[(word+=+'spridit'+%25c)+%26+msd+=+'.*SUP.*'+%26+pos+=+'VB']
vaext	2	https://ws.spraakbanken.gu.se/ws/korp/v8/count_time?cqp=(([(word+=+'vuxit'+%25c)+%26+msd+=+'.*SUP.*'+%26+pos+=+'VB'])+%7C+([(word+=+'v%C3%A4xt'+%25c)+%26+msd+=+'.*SUP.*'+%26+pos+=+'VB']))&corpus=flashback-dator&subcqp0=[(word+=+'vuxit'+%25c)+%26+msd+=+'.*SUP.*'+%26+pos+=+'VB']&subcqp1=[(word+=+'v%C3%A4xt'+%25c)+%26+msd+=+'.*SUP.*'+%26+pos+=+'VB']
beslutade	2	https://ws.spraakbanken.gu.se/ws/korp/v8/count_time?cqp=(([(word+=+'besl%C3%B6t'+%25c)+%26+msd+=+'.*PRT.*'+%26+pos+=+'VB'])+%7C+([(word+=+'beslutade'+%25c)+%26+msd+=+'.*PRT.*'+%26+pos+=+'VB']))&corpus=flashback-dator&subcqp0=[(word+=+'besl%C3%B6t'+%25c)+%26+msd+=+'.*PRT.*'+%26+pos+=+'VB']&subcqp1=[(word+=+'beslutade'+%25c)+%26+msd+=+'.*PRT.*'+%26+pos+=+'VB']
pm_dm	2	https://ws.spraakbanken.gu.se/ws/korp/v8/count_time?cqp=(([(word+=+'pm:a'+%25c+%7C+word+=+'pm:ar'+%25c+%7C+word+=+'pm:ade'+%25c+%7C+word+=+'pm:at'+%25c+%7C+word+=+'pm:as'+%25c+%7C+word+=+'pm:ades'+%25c+%7C+word+=+'pm:ats'+%25c+%7C+word+=+'pma'+%25c+%7C+word+=+'pmar'+%25c+%7C+word+=+'pmade'+%25c+%7C+word+=+'pmat'+%25c+%7C+word+=+'pmas'+%25c+%7C+word+=+'pmades'+%25c+%7C+word+=+'pmats'+%25c+)])+%7C+([(word+=+'dm:a'+%25c+%7C+word+=+'dm:ar'+%25c+%7C+word+=+'dm:ade'+%25c+%7C+word+=+'dm:at'+%25c+%7C+word+=+'dm:as'+%25c+%7C+word+=+'dm:ades'+%25c+%7C+word+=+'dm:ats'+%25c+%7C+word+=+'dma'+%25c+%7C+word+=+'dmar'+%25c+%7C+word+=+'dmade'+%25c+%7C+word+=+'dmat'+%25c+%7C+word+=+'dmas'+%25c+%7C+word+=+'dmades'+%25c+%7C+word+=+'dmats'+%25c+)]))&corpus=flashback-dator&subcqp0=[(word+=+'pm:a'+%25c+%7C+word+=+'pm:ar'+%25c+%7C+word+=+'pm:ade'+%25c+%7C+word+=+'pm:at'+%25c+%7C+word+=+'pm:as'+%25c+%7C+word+=+'pm:ades'+%25c+%7C+word+=+'pm:ats'+%25c+%7C+word+=+'pma'+%25c+%7C+word+=+'pmar'+%25c+%7C+word+=+'pmade'+%25c+%7C+word+=+'pmat'+%25c+%7C+word+=+'pmas'+%25c+%7C+word+=+'pmades'+%25c+%7C+word+=+'pmats'+%25c+)]&subcqp1=[(word+=+'dm:a'+%25c+%7C+word+=+'dm:ar'+%25c+%7C+word+=+'dm:ade'+%25c+%7C+word+=+'dm:at'+%25c+%7C+word+=+'dm:as'+%25c+%7C+word+=+'dm:ades'+%25c+%7C+word+=+'dm:ats'+%25c+%7C+word+=+'dma'+%25c+%7C+word+=+'dmar'+%25c+%7C+word+=+'dmade'+%25c+%7C+word+=+'dmat'+%25c+%7C+word+=+'dmas'+%25c+%7C+word+=+'dmades'+%25c+%7C+word+=+'dmats'+%25c+)]
ss90_riskera	2	https://ws.spraakbanken.gu.se/ws/korp/v8/count_time?cqp=(([lemma+contains+'riskera'+%26+(msd+=+'.*VB.PRS.AKT.*'+%7C+msd+=+'.*VB.PRT.AKT.*')]+[word+=+'att'+%25c]+[msd+=+'.*INF.AKT.*']+[msd+!=+'.*INF.*'])+%7C+([lemma+contains+'riskera'+%26+(msd+=+'.*VB.PRS.AKT.*'+%7C+msd+=+'.*VB.PRT.AKT.*')]+[msd+=+'.*INF.AKT.*']+[msd+!=+'.*INF.*']))&corpus=flashback-dator&subcqp0=[lemma+contains+'riskera'+%26+(msd+=+'.*VB.PRS.AKT.*'+%7C+msd+=+'.*VB.PRT.AKT.*')]+[word+=+'att'+%25c]+[msd+=+'.*INF.AKT.*']+[msd+!=+'.*INF.*']&subcqp1=[lemma+contains+'riskera'+%26+(msd+=+'.*VB.PRS.AKT.*'+%7C+msd+=+'.*VB.PRT.AKT.*')]+[msd+=+'.*INF.AKT.*']+[msd+!=+'.*INF.*']
ss90_upphöra	2	https://ws.spraakbanken.gu.se/ws/korp/v8/count_time?cqp=(([lemma+contains+'upph%C3%B6ra'+%26+(msd+=+'.*VB.PRS.AKT.*'+%7C+msd+=+'.*VB.PRT.AKT.*')]+[word+=+'att'+%25c]+[msd+=+'.*INF.AKT.*']+[msd+!=+'.*INF.*'])+%7C+([lemma+contains+'upph%C3%B6ra'+%26+(msd+=+'.*VB.PRS.AKT.*'+%7C+msd+=+'.*VB.PRT.AKT.*')]+[msd+=+'.*INF.AKT.*']+[msd+!=+'.*INF.*']))&corpus=flashback-dator&subcqp0=[lemma+contains+'upph%C3%B6ra'+%26+(msd+=+'.*VB.PRS.AKT.*'+%7C+msd+=+'.*VB.PRT.AKT.*')]+[word+=+'att'+%25c]+[msd+=+'.*INF.AKT.*']+[msd+!=+'.*INF.*']&subcqp1=[lemma+contains+'upph%C3%B6ra'+%26+(msd+=+'.*VB.PRS.AKT.*'+%7C+msd+=+'.*VB.PRT.AKT.*')]+[msd+=+'.*INF.AKT.*']+[msd+!=+'.*INF.*']
ss90_bruka	2	https://ws.spraakbanken.gu.se/ws/korp/v8/count_time?cqp=(([lemma+contains+'bruka'+%26+(msd+=+'.*VB.PRS.AKT.*'+%7C+msd+=+'.*VB.PRT.AKT.*')]+[word+=+'att'+%25c]+[msd+=+'.*INF.AKT.*']+[msd+!=+'.*INF.*'])+%7C+([lemma+contains+'bruka'+%26+(msd+=+'.*VB.PRS.AKT.*'+%7C+msd+=+'.*VB.PRT.AKT.*')]+[msd+=+'.*INF.AKT.*']+[msd+!=+'.*INF.*']))&corpus=flashback-dator&subcqp0=[lemma+contains+'bruka'+%26+(msd+=+'.*VB.PRS.AKT.*'+%7C+msd+=+'.*VB.PRT.AKT.*')]+[word+=+'att'+%25c]+[msd+=+'.*INF.AKT.*']+[msd+!=+'.*INF.*']&subcqp1=[lemma+contains+'bruka'+%26+(msd+=+'.*VB.PRS.AKT.*'+%7C+msd+=+'.*VB.PRT.AKT.*')]+[msd+=+'.*INF.AKT.*']+[msd+!=+'.*INF.*']
ss90_börja	2	https://ws.spraakbanken.gu.se/ws/korp/v8/count_time?cqp=(([lemma+contains+'b%C3%B6rja'+%26+(msd+=+'.*VB.PRS.AKT.*'+%7C+msd+=+'.*VB.PRT.AKT.*')]+[word+=+'att'+%25c]+[msd+=+'.*INF.AKT.*']+[msd+!=+'.*INF.*'])+%7C+([lemma+contains+'b%C3%B6rja'+%26+(msd+=+'.*VB.PRS.AKT.*'+%7C+msd+=+'.*VB.PRT.AKT.*')]+[msd+=+'.*INF.AKT.*']+[msd+!=+'.*INF.*']))&corpus=flashback-dator&subcqp0=[lemma+contains+'b%C3%B6rja'+%26+(msd+=+'.*VB.PRS.AKT.*'+%7C+msd+=+'.*VB.PRT.AKT.*')]+[word+=+'att'+%25c]+[msd+=+'.*INF.AKT.*']+[msd+!=+'.*INF.*']&subcqp1=[lemma+contains+'b%C3%B6rja'+%26+(msd+=+'.*VB.PRS.AKT.*'+%7C+msd+=+'.*VB.PRT.AKT.*')]+[msd+=+'.*INF.AKT.*']+[msd+!=+'.*INF.*']
ss90_råka	2	https://ws.spraakbanken.gu.se/ws/korp/v8/count_time?cqp=(([lemma+contains+'r%C3%A5ka'+%26+(msd+=+'.*VB.PRS.AKT.*'+%7C+msd+=+'.*VB.PRT.AKT.*')]+[word+=+'att'+%25c]+[msd+=+'.*INF.AKT.*']+[msd+!=+'.*INF.*'])+%7C+([lemma+contains+'r%C3%A5ka'+%26+(msd+=+'.*VB.PRS.AKT.*'+%7C+msd+=+'.*VB.PRT.AKT.*')]+[msd+=+'.*INF.AKT.*']+[msd+!=+'.*INF.*']))&corpus=flashback-dator&subcqp0=[lemma+contains+'r%C3%A5ka'+%26+(msd+=+'.*VB.PRS.AKT.*'+%7C+msd+=+'.*VB.PRT.AKT.*')]+[word+=+'att'+%25c]+[msd+=+'.*INF.AKT.*']+[msd+!=+'.*INF.*']&subcqp1=[lemma+contains+'r%C3%A5ka'+%26+(msd+=+'.*VB.PRS.AKT.*'+%7C+msd+=+'.*VB.PRT.AKT.*')]+[msd+=+'.*INF.AKT.*']+[msd+!=+'.*INF.*']
ss90_pläga	2	https://ws.spraakbanken.gu.se/ws/korp/v8/count_time?cqp=(([lemma+contains+'pl%C3%A4ga'+%26+(msd+=+'.*VB.PRS.AKT.*'+%7C+msd+=+'.*VB.PRT.AKT.*')]+[word+=+'att'+%25c]+[msd+=+'.*INF.AKT.*']+[msd+!=+'.*INF.*'])+%7C+([lemma+contains+'pl%C3%A4ga'+%26+(msd+=+'.*VB.PRS.AKT.*'+%7C+msd+=+'.*VB.PRT.AKT.*')]+[msd+=+'.*INF.AKT.*']+[msd+!=+'.*INF.*']))&corpus=flashback-dator&subcqp0=[lemma+contains+'pl%C3%A4ga'+%26+(msd+=+'.*VB.PRS.AKT.*'+%7C+msd+=+'.*VB.PRT.AKT.*')]+[word+=+'att'+%25c]+[msd+=+'.*INF.AKT.*']+[msd+!=+'.*INF.*']&subcqp1=[lemma+contains+'pl%C3%A4ga'+%26+(msd+=+'.*VB.PRS.AKT.*'+%7C+msd+=+'.*VB.PRT.AKT.*')]+[msd+=+'.*INF.AKT.*']+[msd+!=+'.*INF.*']
ss90_begynna	2	https://ws.spraakbanken.gu.se/ws/korp/v8/count_time?cqp=(([lemma+contains+'begynna'+%26+(msd+=+'.*VB.PRS.AKT.*'+%7C+msd+=+'.*VB.PRT.AKT.*')]+[word+=+'att'+%25c]+[msd+=+'.*INF.AKT.*']+[msd+!=+'.*INF.*'])+%7C+([lemma+contains+'begynna'+%26+(msd+=+'.*VB.PRS.AKT.*'+%7C+msd+=+'.*VB.PRT.AKT.*')]+[msd+=+'.*INF.AKT.*']+[msd+!=+'.*INF.*']))&corpus=flashback-dator&subcqp0=[lemma+contains+'begynna'+%26+(msd+=+'.*VB.PRS.AKT.*'+%7C+msd+=+'.*VB.PRT.AKT.*')]+[word+=+'att'+%25c]+[msd+=+'.*INF.AKT.*']+[msd+!=+'.*INF.*']&subcqp1=[lemma+contains+'begynna'+%26+(msd+=+'.*VB.PRS.AKT.*'+%7C+msd+=+'.*VB.PRT.AKT.*')]+[msd+=+'.*INF.AKT.*']+[msd+!=+'.*INF.*']
ss90_sluta	2	https://ws.spraakbanken.gu.se/ws/korp/v8/count_time?cqp=(([lemma+contains+'sluta'+%26+(msd+=+'.*VB.PRS.AKT.*'+%7C+msd+=+'.*VB.PRT.AKT.*')]+[word+=+'att'+%25c]+[msd+=+'.*INF.AKT.*']+[msd+!=+'.*INF.*'])+%7C+([lemma+contains+'sluta'+%26+(msd+=+'.*VB.PRS.AKT.*'+%7C+msd+=+'.*VB.PRT.AKT.*')]+[msd+=+'.*INF.AKT.*']+[msd+!=+'.*INF.*']))&corpus=flashback-dator&subcqp0=[lemma+contains+'sluta'+%26+(msd+=+'.*VB.PRS.AKT.*'+%7C+msd+=+'.*VB.PRT.AKT.*')]+[word+=+'att'+%25c]+[msd+=+'.*INF.AKT.*']+[msd+!=+'.*INF.*']&subcqp1=[lemma+contains+'sluta'+%26+(msd+=+'.*VB.PRS.AKT.*'+%7C+msd+=+'.*VB.PRT.AKT.*')]+[msd+=+'.*INF.AKT.*']+[msd+!=+'.*INF.*']
ss90_fortsätta	2	https://ws.spraakbanken.gu.se/ws/korp/v8/count_time?cqp=(([lemma+contains+'forts%C3%A4tta'+%26+(msd+=+'.*VB.PRS.AKT.*'+%7C+msd+=+'.*VB.PRT.AKT.*')]+[word+=+'att'+%25c]+[msd+=+'.*INF.AKT.*']+[msd+!=+'.*INF.*'])+%7C+([lemma+contains+'forts%C3%A4tta'+%26+(msd+=+'.*VB.PRS.AKT.*'+%7C+msd+=+'.*VB.PRT.AKT.*')]+[msd+=+'.*INF.AKT.*']+[msd+!=+'.*INF.*']))&corpus=flashback-dator&subcqp0=[lemma+contains+'forts%C3%A4tta'+%26+(msd+=+'.*VB.PRS.AKT.*'+%7C+msd+=+'.*VB.PRT.AKT.*')]+[word+=+'att'+%25c]+[msd+=+'.*INF.AKT.*']+[msd+!=+'.*INF.*']&subcqp1=[lemma+contains+'forts%C3%A4tta'+%26+(msd+=+'.*VB.PRS.AKT.*'+%7C+msd+=+'.*VB.PRT.AKT.*')]+[msd+=+'.*INF.AKT.*']+[msd+!=+'.*INF.*']
ss90_hota	2	https://ws.spraakbanken.gu.se/ws/korp/v8/count_time?cqp=(([lemma+contains+'hota'+%26+(msd+=+'.*VB.PRS.AKT.*'+%7C+msd+=+'.*VB.PRT.AKT.*')]+[word+=+'att'+%25c]+[msd+=+'.*INF.AKT.*']+[msd+!=+'.*INF.*'])+%7C+([lemma+contains+'hota'+%26+(msd+=+'.*VB.PRS.AKT.*'+%7C+msd+=+'.*VB.PRT.AKT.*')]+[msd+=+'.*INF.AKT.*']+[msd+!=+'.*INF.*']))&corpus=flashback-dator&subcqp0=[lemma+contains+'hota'+%26+(msd+=+'.*VB.PRS.AKT.*'+%7C+msd+=+'.*VB.PRT.AKT.*')]+[word+=+'att'+%25c]+[msd+=+'.*INF.AKT.*']+[msd+!=+'.*INF.*']&subcqp1=[lemma+contains+'hota'+%26+(msd+=+'.*VB.PRS.AKT.*'+%7C+msd+=+'.*VB.PRT.AKT.*')]+[msd+=+'.*INF.AKT.*']+[msd+!=+'.*INF.*']
ss90_tendera	2	https://ws.spraakbanken.gu.se/ws/korp/v8/count_time?cqp=(([lemma+contains+'tendera'+%26+(msd+=+'.*VB.PRS.AKT.*'+%7C+msd+=+'.*VB.PRT.AKT.*')]+[word+=+'att'+%25c]+[msd+=+'.*INF.AKT.*']+[msd+!=+'.*INF.*'])+%7C+([lemma+contains+'tendera'+%26+(msd+=+'.*VB.PRS.AKT.*'+%7C+msd+=+'.*VB.PRT.AKT.*')]+[msd+=+'.*INF.AKT.*']+[msd+!=+'.*INF.*']))&corpus=flashback-dator&subcqp0=[lemma+contains+'tendera'+%26+(msd+=+'.*VB.PRS.AKT.*'+%7C+msd+=+'.*VB.PRT.AKT.*')]+[word+=+'att'+%25c]+[msd+=+'.*INF.AKT.*']+[msd+!=+'.*INF.*']&subcqp1=[lemma+contains+'tendera'+%26+(msd+=+'.*VB.PRS.AKT.*'+%7C+msd+=+'.*VB.PRT.AKT.*')]+[msd+=+'.*INF.AKT.*']+[msd+!=+'.*INF.*']
ss90_vänta sig	2	https://ws.spraakbanken.gu.se/ws/korp/v8/count_time?cqp=(([lemma+contains+'v%C3%A4nta+sig'+%26+(msd+=+'.*VB.PRS.AKT.*'+%7C+msd+=+'.*VB.PRT.AKT.*')]+[word+=+'att'+%25c]+[msd+=+'.*INF.AKT.*']+[msd+!=+'.*INF.*'])+%7C+([lemma+contains+'v%C3%A4nta+sig'+%26+(msd+=+'.*VB.PRS.AKT.*'+%7C+msd+=+'.*VB.PRT.AKT.*')]+[msd+=+'.*INF.AKT.*']+[msd+!=+'.*INF.*']))&corpus=flashback-dator&subcqp0=[lemma+contains+'v%C3%A4nta+sig'+%26+(msd+=+'.*VB.PRS.AKT.*'+%7C+msd+=+'.*VB.PRT.AKT.*')]+[word+=+'att'+%25c]+[msd+=+'.*INF.AKT.*']+[msd+!=+'.*INF.*']&subcqp1=[lemma+contains+'v%C3%A4nta+sig'+%26+(msd+=+'.*VB.PRS.AKT.*'+%7C+msd+=+'.*VB.PRT.AKT.*')]+[msd+=+'.*INF.AKT.*']+[msd+!=+'.*INF.*']
ss90_hoppas	2	https://ws.spraakbanken.gu.se/ws/korp/v8/count_time?cqp=(([lemma+contains+'hoppas'+%26+(msd+=+'.*VB.PRS.SFO.*'+%7C+msd+=+'.*VB.PRT.SFO.*')]+[word+=+'att'+%25c]+[msd+=+'.*INF.AKT.*']+[msd+!=+'.*INF.*'])+%7C+([lemma+contains+'hoppas'+%26+(msd+=+'.*VB.PRS.SFO.*'+%7C+msd+=+'.*VB.PRT.SFO.*')]+[msd+=+'.*INF.AKT.*']+[msd+!=+'.*INF.*']))&corpus=flashback-dator&subcqp0=[lemma+contains+'hoppas'+%26+(msd+=+'.*VB.PRS.SFO.*'+%7C+msd+=+'.*VB.PRT.SFO.*')]+[word+=+'att'+%25c]+[msd+=+'.*INF.AKT.*']+[msd+!=+'.*INF.*']&subcqp1=[lemma+contains+'hoppas'+%26+(msd+=+'.*VB.PRS.SFO.*'+%7C+msd+=+'.*VB.PRT.SFO.*')]+[msd+=+'.*INF.AKT.*']+[msd+!=+'.*INF.*']
ss90_önska	2	https://ws.spraakbanken.gu.se/ws/korp/v8/count_time?cqp=(([lemma+contains+'%C3%B6nska'+%26+(msd+=+'.*VB.PRS.AKT.*'+%7C+msd+=+'.*VB.PRT.AKT.*')]+[word+=+'att'+%25c]+[msd+=+'.*INF.AKT.*']+[msd+!=+'.*INF.*'])+%7C+([lemma+contains+'%C3%B6nska'+%26+(msd+=+'.*VB.PRS.AKT.*'+%7C+msd+=+'.*VB.PRT.AKT.*')]+[msd+=+'.*INF.AKT.*']+[msd+!=+'.*INF.*']))&corpus=flashback-dator&subcqp0=[lemma+contains+'%C3%B6nska'+%26+(msd+=+'.*VB.PRS.AKT.*'+%7C+msd+=+'.*VB.PRT.AKT.*')]+[word+=+'att'+%25c]+[msd+=+'.*INF.AKT.*']+[msd+!=+'.*INF.*']&subcqp1=[lemma+contains+'%C3%B6nska'+%26+(msd+=+'.*VB.PRS.AKT.*'+%7C+msd+=+'.*VB.PRT.AKT.*')]+[msd+=+'.*INF.AKT.*']+[msd+!=+'.*INF.*']
ss90_vänta	2	https://ws.spraakbanken.gu.se/ws/korp/v8/count_time?cqp=(([lemma+contains+'v%C3%A4nta'+%26+(msd+=+'.*VB.PRS.AKT.*'+%7C+msd+=+'.*VB.PRT.AKT.*')]+[word+=+'att'+%25c]+[msd+=+'.*INF.AKT.*']+[msd+!=+'.*INF.*'])+%7C+([lemma+contains+'v%C3%A4nta'+%26+(msd+=+'.*VB.PRS.AKT.*'+%7C+msd+=+'.*VB.PRT.AKT.*')]+[msd+=+'.*INF.AKT.*']+[msd+!=+'.*INF.*']))&corpus=flashback-dator&subcqp0=[lemma+contains+'v%C3%A4nta'+%26+(msd+=+'.*VB.PRS.AKT.*'+%7C+msd+=+'.*VB.PRT.AKT.*')]+[word+=+'att'+%25c]+[msd+=+'.*INF.AKT.*']+[msd+!=+'.*INF.*']&subcqp1=[lemma+contains+'v%C3%A4nta'+%26+(msd+=+'.*VB.PRS.AKT.*'+%7C+msd+=+'.*VB.PRT.AKT.*')]+[msd+=+'.*INF.AKT.*']+[msd+!=+'.*INF.*']
ss90_frukta	2	https://ws.spraakbanken.gu.se/ws/korp/v8/count_time?cqp=(([lemma+contains+'frukta'+%26+(msd+=+'.*VB.PRS.AKT.*'+%7C+msd+=+'.*VB.PRT.AKT.*')]+[word+=+'att'+%25c]+[msd+=+'.*INF.AKT.*']+[msd+!=+'.*INF.*'])+%7C+([lemma+contains+'frukta'+%26+(msd+=+'.*VB.PRS.AKT.*'+%7C+msd+=+'.*VB.PRT.AKT.*')]+[msd+=+'.*INF.AKT.*']+[msd+!=+'.*INF.*']))&corpus=flashback-dator&subcqp0=[lemma+contains+'frukta'+%26+(msd+=+'.*VB.PRS.AKT.*'+%7C+msd+=+'.*VB.PRT.AKT.*')]+[word+=+'att'+%25c]+[msd+=+'.*INF.AKT.*']+[msd+!=+'.*INF.*']&subcqp1=[lemma+contains+'frukta'+%26+(msd+=+'.*VB.PRS.AKT.*'+%7C+msd+=+'.*VB.PRT.AKT.*')]+[msd+=+'.*INF.AKT.*']+[msd+!=+'.*INF.*']
ss90_låta	2	https://ws.spraakbanken.gu.se/ws/korp/v8/count_time?cqp=(([lemma+contains+'l%C3%A5ta'+%26+(msd+=+'.*VB.PRS.AKT.*'+%7C+msd+=+'.*VB.PRT.AKT.*')]+[word+=+'att'+%25c]+[msd+=+'.*INF.AKT.*']+[msd+!=+'.*INF.*'])+%7C+([lemma+contains+'l%C3%A5ta'+%26+(msd+=+'.*VB.PRS.AKT.*'+%7C+msd+=+'.*VB.PRT.AKT.*')]+[msd+=+'.*INF.AKT.*']+[msd+!=+'.*INF.*']))&corpus=flashback-dator&subcqp0=[lemma+contains+'l%C3%A5ta'+%26+(msd+=+'.*VB.PRS.AKT.*'+%7C+msd+=+'.*VB.PRT.AKT.*')]+[word+=+'att'+%25c]+[msd+=+'.*INF.AKT.*']+[msd+!=+'.*INF.*']&subcqp1=[lemma+contains+'l%C3%A5ta'+%26+(msd+=+'.*VB.PRS.AKT.*'+%7C+msd+=+'.*VB.PRT.AKT.*')]+[msd+=+'.*INF.AKT.*']+[msd+!=+'.*INF.*']
ss90_avböja	2	https://ws.spraakbanken.gu.se/ws/korp/v8/count_time?cqp=(([lemma+contains+'avb%C3%B6ja'+%26+(msd+=+'.*VB.PRS.AKT.*'+%7C+msd+=+'.*VB.PRT.AKT.*')]+[word+=+'att'+%25c]+[msd+=+'.*INF.AKT.*']+[msd+!=+'.*INF.*'])+%7C+([lemma+contains+'avb%C3%B6ja'+%26+(msd+=+'.*VB.PRS.AKT.*'+%7C+msd+=+'.*VB.PRT.AKT.*')]+[msd+=+'.*INF.AKT.*']+[msd+!=+'.*INF.*']))&corpus=flashback-dator&subcqp0=[lemma+contains+'avb%C3%B6ja'+%26+(msd+=+'.*VB.PRS.AKT.*'+%7C+msd+=+'.*VB.PRT.AKT.*')]+[word+=+'att'+%25c]+[msd+=+'.*INF.AKT.*']+[msd+!=+'.*INF.*']&subcqp1=[lemma+contains+'avb%C3%B6ja'+%26+(msd+=+'.*VB.PRS.AKT.*'+%7C+msd+=+'.*VB.PRT.AKT.*')]+[msd+=+'.*INF.AKT.*']+[msd+!=+'.*INF.*']
ss90_negligera	2	https://ws.spraakbanken.gu.se/ws/korp/v8/count_time?cqp=(([lemma+contains+'negligera'+%26+(msd+=+'.*VB.PRS.AKT.*'+%7C+msd+=+'.*VB.PRT.AKT.*')]+[word+=+'att'+%25c]+[msd+=+'.*INF.AKT.*']+[msd+!=+'.*INF.*'])+%7C+([lemma+contains+'negligera'+%26+(msd+=+'.*VB.PRS.AKT.*'+%7C+msd+=+'.*VB.PRT.AKT.*')]+[msd+=+'.*INF.AKT.*']+[msd+!=+'.*INF.*']))&corpus=flashback-dator&subcqp0=[lemma+contains+'negligera'+%26+(msd+=+'.*VB.PRS.AKT.*'+%7C+msd+=+'.*VB.PRT.AKT.*')]+[word+=+'att'+%25c]+[msd+=+'.*INF.AKT.*']+[msd+!=+'.*INF.*']&subcqp1=[lemma+contains+'negligera'+%26+(msd+=+'.*VB.PRS.AKT.*'+%7C+msd+=+'.*VB.PRT.AKT.*')]+[msd+=+'.*INF.AKT.*']+[msd+!=+'.*INF.*']
ss90_låtsas	2	https://ws.spraakbanken.gu.se/ws/korp/v8/count_time?cqp=(([lemma+contains+'l%C3%A5tsas'+%26+(msd+=+'.*VB.PRS.SFO.*'+%7C+msd+=+'.*VB.PRT.SFO.*')]+[word+=+'att'+%25c]+[msd+=+'.*INF.AKT.*']+[msd+!=+'.*INF.*'])+%7C+([lemma+contains+'l%C3%A5tsas'+%26+(msd+=+'.*VB.PRS.SFO.*'+%7C+msd+=+'.*VB.PRT.SFO.*')]+[msd+=+'.*INF.AKT.*']+[msd+!=+'.*INF.*']))&corpus=flashback-dator&subcqp0=[lemma+contains+'l%C3%A5tsas'+%26+(msd+=+'.*VB.PRS.SFO.*'+%7C+msd+=+'.*VB.PRT.SFO.*')]+[word+=+'att'+%25c]+[msd+=+'.*INF.AKT.*']+[msd+!=+'.*INF.*']&subcqp1=[lemma+contains+'l%C3%A5tsas'+%26+(msd+=+'.*VB.PRS.SFO.*'+%7C+msd+=+'.*VB.PRT.SFO.*')]+[msd+=+'.*INF.AKT.*']+[msd+!=+'.*INF.*']
ss90_försöka	2	https://ws.spraakbanken.gu.se/ws/korp/v8/count_time?cqp=(([lemma+contains+'f%C3%B6rs%C3%B6ka'+%26+(msd+=+'.*VB.PRS.AKT.*'+%7C+msd+=+'.*VB.PRT.AKT.*')]+[word+=+'att'+%25c]+[msd+=+'.*INF.AKT.*']+[msd+!=+'.*INF.*'])+%7C+([lemma+contains+'f%C3%B6rs%C3%B6ka'+%26+(msd+=+'.*VB.PRS.AKT.*'+%7C+msd+=+'.*VB.PRT.AKT.*')]+[msd+=+'.*INF.AKT.*']+[msd+!=+'.*INF.*']))&corpus=flashback-dator&subcqp0=[lemma+contains+'f%C3%B6rs%C3%B6ka'+%26+(msd+=+'.*VB.PRS.AKT.*'+%7C+msd+=+'.*VB.PRT.AKT.*')]+[word+=+'att'+%25c]+[msd+=+'.*INF.AKT.*']+[msd+!=+'.*INF.*']&subcqp1=[lemma+contains+'f%C3%B6rs%C3%B6ka'+%26+(msd+=+'.*VB.PRS.AKT.*'+%7C+msd+=+'.*VB.PRT.AKT.*')]+[msd+=+'.*INF.AKT.*']+[msd+!=+'.*INF.*']
ss90_söka	2	https://ws.spraakbanken.gu.se/ws/korp/v8/count_time?cqp=(([lemma+contains+'s%C3%B6ka'+%26+(msd+=+'.*VB.PRS.AKT.*'+%7C+msd+=+'.*VB.PRT.AKT.*')]+[word+=+'att'+%25c]+[msd+=+'.*INF.AKT.*']+[msd+!=+'.*INF.*'])+%7C+([lemma+contains+'s%C3%B6ka'+%26+(msd+=+'.*VB.PRS.AKT.*'+%7C+msd+=+'.*VB.PRT.AKT.*')]+[msd+=+'.*INF.AKT.*']+[msd+!=+'.*INF.*']))&corpus=flashback-dator&subcqp0=[lemma+contains+'s%C3%B6ka'+%26+(msd+=+'.*VB.PRS.AKT.*'+%7C+msd+=+'.*VB.PRT.AKT.*')]+[word+=+'att'+%25c]+[msd+=+'.*INF.AKT.*']+[msd+!=+'.*INF.*']&subcqp1=[lemma+contains+'s%C3%B6ka'+%26+(msd+=+'.*VB.PRS.AKT.*'+%7C+msd+=+'.*VB.PRT.AKT.*')]+[msd+=+'.*INF.AKT.*']+[msd+!=+'.*INF.*']
ss90_glömma	2	https://ws.spraakbanken.gu.se/ws/korp/v8/count_time?cqp=(([lemma+contains+'gl%C3%B6mma'+%26+(msd+=+'.*VB.PRS.AKT.*'+%7C+msd+=+'.*VB.PRT.AKT.*')]+[word+=+'att'+%25c]+[msd+=+'.*INF.AKT.*']+[msd+!=+'.*INF.*'])+%7C+([lemma+contains+'gl%C3%B6mma'+%26+(msd+=+'.*VB.PRS.AKT.*'+%7C+msd+=+'.*VB.PRT.AKT.*')]+[msd+=+'.*INF.AKT.*']+[msd+!=+'.*INF.*']))&corpus=flashback-dator&subcqp0=[lemma+contains+'gl%C3%B6mma'+%26+(msd+=+'.*VB.PRS.AKT.*'+%7C+msd+=+'.*VB.PRT.AKT.*')]+[word+=+'att'+%25c]+[msd+=+'.*INF.AKT.*']+[msd+!=+'.*INF.*']&subcqp1=[lemma+contains+'gl%C3%B6mma'+%26+(msd+=+'.*VB.PRS.AKT.*'+%7C+msd+=+'.*VB.PRT.AKT.*')]+[msd+=+'.*INF.AKT.*']+[msd+!=+'.*INF.*']
ss90_försumma	2	https://ws.spraakbanken.gu.se/ws/korp/v8/count_time?cqp=(([lemma+contains+'f%C3%B6rsumma'+%26+(msd+=+'.*VB.PRS.AKT.*'+%7C+msd+=+'.*VB.PRT.AKT.*')]+[word+=+'att'+%25c]+[msd+=+'.*INF.AKT.*']+[msd+!=+'.*INF.*'])+%7C+([lemma+contains+'f%C3%B6rsumma'+%26+(msd+=+'.*VB.PRS.AKT.*'+%7C+msd+=+'.*VB.PRT.AKT.*')]+[msd+=+'.*INF.AKT.*']+[msd+!=+'.*INF.*']))&corpus=flashback-dator&subcqp0=[lemma+contains+'f%C3%B6rsumma'+%26+(msd+=+'.*VB.PRS.AKT.*'+%7C+msd+=+'.*VB.PRT.AKT.*')]+[word+=+'att'+%25c]+[msd+=+'.*INF.AKT.*']+[msd+!=+'.*INF.*']&subcqp1=[lemma+contains+'f%C3%B6rsumma'+%26+(msd+=+'.*VB.PRS.AKT.*'+%7C+msd+=+'.*VB.PRT.AKT.*')]+[msd+=+'.*INF.AKT.*']+[msd+!=+'.*INF.*']
ss90_underlåta	2	https://ws.spraakbanken.gu.se/ws/korp/v8/count_time?cqp=(([lemma+contains+'underl%C3%A5ta'+%26+(msd+=+'.*VB.PRS.AKT.*'+%7C+msd+=+'.*VB.PRT.AKT.*')]+[word+=+'att'+%25c]+[msd+=+'.*INF.AKT.*']+[msd+!=+'.*INF.*'])+%7C+([lemma+contains+'underl%C3%A5ta'+%26+(msd+=+'.*VB.PRS.AKT.*'+%7C+msd+=+'.*VB.PRT.AKT.*')]+[msd+=+'.*INF.AKT.*']+[msd+!=+'.*INF.*']))&corpus=flashback-dator&subcqp0=[lemma+contains+'underl%C3%A5ta'+%26+(msd+=+'.*VB.PRS.AKT.*'+%7C+msd+=+'.*VB.PRT.AKT.*')]+[word+=+'att'+%25c]+[msd+=+'.*INF.AKT.*']+[msd+!=+'.*INF.*']&subcqp1=[lemma+contains+'underl%C3%A5ta'+%26+(msd+=+'.*VB.PRS.AKT.*'+%7C+msd+=+'.*VB.PRT.AKT.*')]+[msd+=+'.*INF.AKT.*']+[msd+!=+'.*INF.*']
ss90_undvika	2	https://ws.spraakbanken.gu.se/ws/korp/v8/count_time?cqp=(([lemma+contains+'undvika'+%26+(msd+=+'.*VB.PRS.AKT.*'+%7C+msd+=+'.*VB.PRT.AKT.*')]+[word+=+'att'+%25c]+[msd+=+'.*INF.AKT.*']+[msd+!=+'.*INF.*'])+%7C+([lemma+contains+'undvika'+%26+(msd+=+'.*VB.PRS.AKT.*'+%7C+msd+=+'.*VB.PRT.AKT.*')]+[msd+=+'.*INF.AKT.*']+[msd+!=+'.*INF.*']))&corpus=flashback-dator&subcqp0=[lemma+contains+'undvika'+%26+(msd+=+'.*VB.PRS.AKT.*'+%7C+msd+=+'.*VB.PRT.AKT.*')]+[word+=+'att'+%25c]+[msd+=+'.*INF.AKT.*']+[msd+!=+'.*INF.*']&subcqp1=[lemma+contains+'undvika'+%26+(msd+=+'.*VB.PRS.AKT.*'+%7C+msd+=+'.*VB.PRT.AKT.*')]+[msd+=+'.*INF.AKT.*']+[msd+!=+'.*INF.*']
ss90_gitta	2	https://ws.spraakbanken.gu.se/ws/korp/v8/count_time?cqp=(([lemma+contains+'gitta'+%26+(msd+=+'.*VB.PRS.AKT.*'+%7C+msd+=+'.*VB.PRT.AKT.*')]+[word+=+'att'+%25c]+[msd+=+'.*INF.AKT.*']+[msd+!=+'.*INF.*'])+%7C+([lemma+contains+'gitta'+%26+(msd+=+'.*VB.PRS.AKT.*'+%7C+msd+=+'.*VB.PRT.AKT.*')]+[msd+=+'.*INF.AKT.*']+[msd+!=+'.*INF.*']))&corpus=flashback-dator&subcqp0=[lemma+contains+'gitta'+%26+(msd+=+'.*VB.PRS.AKT.*'+%7C+msd+=+'.*VB.PRT.AKT.*')]+[word+=+'att'+%25c]+[msd+=+'.*INF.AKT.*']+[msd+!=+'.*INF.*']&subcqp1=[lemma+contains+'gitta'+%26+(msd+=+'.*VB.PRS.AKT.*'+%7C+msd+=+'.*VB.PRT.AKT.*')]+[msd+=+'.*INF.AKT.*']+[msd+!=+'.*INF.*']
ss90_idas	2	https://ws.spraakbanken.gu.se/ws/korp/v8/count_time?cqp=(([lemma+contains+'idas'+%26+(msd+=+'.*VB.PRS.SFO.*'+%7C+msd+=+'.*VB.PRT.SFO.*')]+[word+=+'att'+%25c]+[msd+=+'.*INF.AKT.*']+[msd+!=+'.*INF.*'])+%7C+([lemma+contains+'idas'+%26+(msd+=+'.*VB.PRS.SFO.*'+%7C+msd+=+'.*VB.PRT.SFO.*')]+[msd+=+'.*INF.AKT.*']+[msd+!=+'.*INF.*']))&corpus=flashback-dator&subcqp0=[lemma+contains+'idas'+%26+(msd+=+'.*VB.PRS.SFO.*'+%7C+msd+=+'.*VB.PRT.SFO.*')]+[word+=+'att'+%25c]+[msd+=+'.*INF.AKT.*']+[msd+!=+'.*INF.*']&subcqp1=[lemma+contains+'idas'+%26+(msd+=+'.*VB.PRS.SFO.*'+%7C+msd+=+'.*VB.PRT.SFO.*')]+[msd+=+'.*INF.AKT.*']+[msd+!=+'.*INF.*']
ss90_avse	2	https://ws.spraakbanken.gu.se/ws/korp/v8/count_time?cqp=(([lemma+contains+'avse'+%26+(msd+=+'.*VB.PRS.AKT.*'+%7C+msd+=+'.*VB.PRT.AKT.*')]+[word+=+'att'+%25c]+[msd+=+'.*INF.AKT.*']+[msd+!=+'.*INF.*'])+%7C+([lemma+contains+'avse'+%26+(msd+=+'.*VB.PRS.AKT.*'+%7C+msd+=+'.*VB.PRT.AKT.*')]+[msd+=+'.*INF.AKT.*']+[msd+!=+'.*INF.*']))&corpus=flashback-dator&subcqp0=[lemma+contains+'avse'+%26+(msd+=+'.*VB.PRS.AKT.*'+%7C+msd+=+'.*VB.PRT.AKT.*')]+[word+=+'att'+%25c]+[msd+=+'.*INF.AKT.*']+[msd+!=+'.*INF.*']&subcqp1=[lemma+contains+'avse'+%26+(msd+=+'.*VB.PRS.AKT.*'+%7C+msd+=+'.*VB.PRT.AKT.*')]+[msd+=+'.*INF.AKT.*']+[msd+!=+'.*INF.*']
ss90_diskutera	2	https://ws.spraakbanken.gu.se/ws/korp/v8/count_time?cqp=(([lemma+contains+'diskutera'+%26+(msd+=+'.*VB.PRS.AKT.*'+%7C+msd+=+'.*VB.PRT.AKT.*')]+[word+=+'att'+%25c]+[msd+=+'.*INF.AKT.*']+[msd+!=+'.*INF.*'])+%7C+([lemma+contains+'diskutera'+%26+(msd+=+'.*VB.PRS.AKT.*'+%7C+msd+=+'.*VB.PRT.AKT.*')]+[msd+=+'.*INF.AKT.*']+[msd+!=+'.*INF.*']))&corpus=flashback-dator&subcqp0=[lemma+contains+'diskutera'+%26+(msd+=+'.*VB.PRS.AKT.*'+%7C+msd+=+'.*VB.PRT.AKT.*')]+[word+=+'att'+%25c]+[msd+=+'.*INF.AKT.*']+[msd+!=+'.*INF.*']&subcqp1=[lemma+contains+'diskutera'+%26+(msd+=+'.*VB.PRS.AKT.*'+%7C+msd+=+'.*VB.PRT.AKT.*')]+[msd+=+'.*INF.AKT.*']+[msd+!=+'.*INF.*']
ss90_överväga	2	https://ws.spraakbanken.gu.se/ws/korp/v8/count_time?cqp=(([lemma+contains+'%C3%B6verv%C3%A4ga'+%26+(msd+=+'.*VB.PRS.AKT.*'+%7C+msd+=+'.*VB.PRT.AKT.*')]+[word+=+'att'+%25c]+[msd+=+'.*INF.AKT.*']+[msd+!=+'.*INF.*'])+%7C+([lemma+contains+'%C3%B6verv%C3%A4ga'+%26+(msd+=+'.*VB.PRS.AKT.*'+%7C+msd+=+'.*VB.PRT.AKT.*')]+[msd+=+'.*INF.AKT.*']+[msd+!=+'.*INF.*']))&corpus=flashback-dator&subcqp0=[lemma+contains+'%C3%B6verv%C3%A4ga'+%26+(msd+=+'.*VB.PRS.AKT.*'+%7C+msd+=+'.*VB.PRT.AKT.*')]+[word+=+'att'+%25c]+[msd+=+'.*INF.AKT.*']+[msd+!=+'.*INF.*']&subcqp1=[lemma+contains+'%C3%B6verv%C3%A4ga'+%26+(msd+=+'.*VB.PRS.AKT.*'+%7C+msd+=+'.*VB.PRT.AKT.*')]+[msd+=+'.*INF.AKT.*']+[msd+!=+'.*INF.*']
ss90_svära	2	https://ws.spraakbanken.gu.se/ws/korp/v8/count_time?cqp=(([lemma+contains+'sv%C3%A4ra'+%26+(msd+=+'.*VB.PRS.AKT.*'+%7C+msd+=+'.*VB.PRT.AKT.*')]+[word+=+'att'+%25c]+[msd+=+'.*INF.AKT.*']+[msd+!=+'.*INF.*'])+%7C+([lemma+contains+'sv%C3%A4ra'+%26+(msd+=+'.*VB.PRS.AKT.*'+%7C+msd+=+'.*VB.PRT.AKT.*')]+[msd+=+'.*INF.AKT.*']+[msd+!=+'.*INF.*']))&corpus=flashback-dator&subcqp0=[lemma+contains+'sv%C3%A4ra'+%26+(msd+=+'.*VB.PRS.AKT.*'+%7C+msd+=+'.*VB.PRT.AKT.*')]+[word+=+'att'+%25c]+[msd+=+'.*INF.AKT.*']+[msd+!=+'.*INF.*']&subcqp1=[lemma+contains+'sv%C3%A4ra'+%26+(msd+=+'.*VB.PRS.AKT.*'+%7C+msd+=+'.*VB.PRT.AKT.*')]+[msd+=+'.*INF.AKT.*']+[msd+!=+'.*INF.*']
ss90_välja	2	https://ws.spraakbanken.gu.se/ws/korp/v8/count_time?cqp=(([lemma+contains+'v%C3%A4lja'+%26+(msd+=+'.*VB.PRS.AKT.*'+%7C+msd+=+'.*VB.PRT.AKT.*')]+[word+=+'att'+%25c]+[msd+=+'.*INF.AKT.*']+[msd+!=+'.*INF.*'])+%7C+([lemma+contains+'v%C3%A4lja'+%26+(msd+=+'.*VB.PRS.AKT.*'+%7C+msd+=+'.*VB.PRT.AKT.*')]+[msd+=+'.*INF.AKT.*']+[msd+!=+'.*INF.*']))&corpus=flashback-dator&subcqp0=[lemma+contains+'v%C3%A4lja'+%26+(msd+=+'.*VB.PRS.AKT.*'+%7C+msd+=+'.*VB.PRT.AKT.*')]+[word+=+'att'+%25c]+[msd+=+'.*INF.AKT.*']+[msd+!=+'.*INF.*']&subcqp1=[lemma+contains+'v%C3%A4lja'+%26+(msd+=+'.*VB.PRS.AKT.*'+%7C+msd+=+'.*VB.PRT.AKT.*')]+[msd+=+'.*INF.AKT.*']+[msd+!=+'.*INF.*']
ss90_ämna	2	https://ws.spraakbanken.gu.se/ws/korp/v8/count_time?cqp=(([lemma+contains+'%C3%A4mna'+%26+(msd+=+'.*VB.PRS.AKT.*'+%7C+msd+=+'.*VB.PRT.AKT.*')]+[word+=+'att'+%25c]+[msd+=+'.*INF.AKT.*']+[msd+!=+'.*INF.*'])+%7C+([lemma+contains+'%C3%A4mna'+%26+(msd+=+'.*VB.PRS.AKT.*'+%7C+msd+=+'.*VB.PRT.AKT.*')]+[msd+=+'.*INF.AKT.*']+[msd+!=+'.*INF.*']))&corpus=flashback-dator&subcqp0=[lemma+contains+'%C3%A4mna'+%26+(msd+=+'.*VB.PRS.AKT.*'+%7C+msd+=+'.*VB.PRT.AKT.*')]+[word+=+'att'+%25c]+[msd+=+'.*INF.AKT.*']+[msd+!=+'.*INF.*']&subcqp1=[lemma+contains+'%C3%A4mna'+%26+(msd+=+'.*VB.PRS.AKT.*'+%7C+msd+=+'.*VB.PRT.AKT.*')]+[msd+=+'.*INF.AKT.*']+[msd+!=+'.*INF.*']
ss90_nännas	2	https://ws.spraakbanken.gu.se/ws/korp/v8/count_time?cqp=(([lemma+contains+'n%C3%A4nnas'+%26+(msd+=+'.*VB.PRS.SFO.*'+%7C+msd+=+'.*VB.PRT.SFO.*')]+[word+=+'att'+%25c]+[msd+=+'.*INF.AKT.*']+[msd+!=+'.*INF.*'])+%7C+([lemma+contains+'n%C3%A4nnas'+%26+(msd+=+'.*VB.PRS.SFO.*'+%7C+msd+=+'.*VB.PRT.SFO.*')]+[msd+=+'.*INF.AKT.*']+[msd+!=+'.*INF.*']))&corpus=flashback-dator&subcqp0=[lemma+contains+'n%C3%A4nnas'+%26+(msd+=+'.*VB.PRS.SFO.*'+%7C+msd+=+'.*VB.PRT.SFO.*')]+[word+=+'att'+%25c]+[msd+=+'.*INF.AKT.*']+[msd+!=+'.*INF.*']&subcqp1=[lemma+contains+'n%C3%A4nnas'+%26+(msd+=+'.*VB.PRS.SFO.*'+%7C+msd+=+'.*VB.PRT.SFO.*')]+[msd+=+'.*INF.AKT.*']+[msd+!=+'.*INF.*']
ss90_täckas	2	https://ws.spraakbanken.gu.se/ws/korp/v8/count_time?cqp=(([lemma+contains+'t%C3%A4ckas'+%26+(msd+=+'.*VB.PRS.SFO.*'+%7C+msd+=+'.*VB.PRT.SFO.*')]+[word+=+'att'+%25c]+[msd+=+'.*INF.AKT.*']+[msd+!=+'.*INF.*'])+%7C+([lemma+contains+'t%C3%A4ckas'+%26+(msd+=+'.*VB.PRS.SFO.*'+%7C+msd+=+'.*VB.PRT.SFO.*')]+[msd+=+'.*INF.AKT.*']+[msd+!=+'.*INF.*']))&corpus=flashback-dator&subcqp0=[lemma+contains+'t%C3%A4ckas'+%26+(msd+=+'.*VB.PRS.SFO.*'+%7C+msd+=+'.*VB.PRT.SFO.*')]+[word+=+'att'+%25c]+[msd+=+'.*INF.AKT.*']+[msd+!=+'.*INF.*']&subcqp1=[lemma+contains+'t%C3%A4ckas'+%26+(msd+=+'.*VB.PRS.SFO.*'+%7C+msd+=+'.*VB.PRT.SFO.*')]+[msd+=+'.*INF.AKT.*']+[msd+!=+'.*INF.*']
ss90_besluta	2	https://ws.spraakbanken.gu.se/ws/korp/v8/count_time?cqp=(([lemma+contains+'besluta'+%26+(msd+=+'.*VB.PRS.AKT.*'+%7C+msd+=+'.*VB.PRT.AKT.*')]+[word+=+'att'+%25c]+[msd+=+'.*INF.AKT.*']+[msd+!=+'.*INF.*'])+%7C+([lemma+contains+'besluta'+%26+(msd+=+'.*VB.PRS.AKT.*'+%7C+msd+=+'.*VB.PRT.AKT.*')]+[msd+=+'.*INF.AKT.*']+[msd+!=+'.*INF.*']))&corpus=flashback-dator&subcqp0=[lemma+contains+'besluta'+%26+(msd+=+'.*VB.PRS.AKT.*'+%7C+msd+=+'.*VB.PRT.AKT.*')]+[word+=+'att'+%25c]+[msd+=+'.*INF.AKT.*']+[msd+!=+'.*INF.*']&subcqp1=[lemma+contains+'besluta'+%26+(msd+=+'.*VB.PRS.AKT.*'+%7C+msd+=+'.*VB.PRT.AKT.*')]+[msd+=+'.*INF.AKT.*']+[msd+!=+'.*INF.*']
ss90_lova	2	https://ws.spraakbanken.gu.se/ws/korp/v8/count_time?cqp=(([lemma+contains+'lova'+%26+(msd+=+'.*VB.PRS.AKT.*'+%7C+msd+=+'.*VB.PRT.AKT.*')]+[word+=+'att'+%25c]+[msd+=+'.*INF.AKT.*']+[msd+!=+'.*INF.*'])+%7C+([lemma+contains+'lova'+%26+(msd+=+'.*VB.PRS.AKT.*'+%7C+msd+=+'.*VB.PRT.AKT.*')]+[msd+=+'.*INF.AKT.*']+[msd+!=+'.*INF.*']))&corpus=flashback-dator&subcqp0=[lemma+contains+'lova'+%26+(msd+=+'.*VB.PRS.AKT.*'+%7C+msd+=+'.*VB.PRT.AKT.*')]+[word+=+'att'+%25c]+[msd+=+'.*INF.AKT.*']+[msd+!=+'.*INF.*']&subcqp1=[lemma+contains+'lova'+%26+(msd+=+'.*VB.PRS.AKT.*'+%7C+msd+=+'.*VB.PRT.AKT.*')]+[msd+=+'.*INF.AKT.*']+[msd+!=+'.*INF.*']
ss90_vägra	2	https://ws.spraakbanken.gu.se/ws/korp/v8/count_time?cqp=(([lemma+contains+'v%C3%A4gra'+%26+(msd+=+'.*VB.PRS.AKT.*'+%7C+msd+=+'.*VB.PRT.AKT.*')]+[word+=+'att'+%25c]+[msd+=+'.*INF.AKT.*']+[msd+!=+'.*INF.*'])+%7C+([lemma+contains+'v%C3%A4gra'+%26+(msd+=+'.*VB.PRS.AKT.*'+%7C+msd+=+'.*VB.PRT.AKT.*')]+[msd+=+'.*INF.AKT.*']+[msd+!=+'.*INF.*']))&corpus=flashback-dator&subcqp0=[lemma+contains+'v%C3%A4gra'+%26+(msd+=+'.*VB.PRS.AKT.*'+%7C+msd+=+'.*VB.PRT.AKT.*')]+[word+=+'att'+%25c]+[msd+=+'.*INF.AKT.*']+[msd+!=+'.*INF.*']&subcqp1=[lemma+contains+'v%C3%A4gra'+%26+(msd+=+'.*VB.PRS.AKT.*'+%7C+msd+=+'.*VB.PRT.AKT.*')]+[msd+=+'.*INF.AKT.*']+[msd+!=+'.*INF.*']
ss90_planera	2	https://ws.spraakbanken.gu.se/ws/korp/v8/count_time?cqp=(([lemma+contains+'planera'+%26+(msd+=+'.*VB.PRS.AKT.*'+%7C+msd+=+'.*VB.PRT.AKT.*')]+[word+=+'att'+%25c]+[msd+=+'.*INF.AKT.*']+[msd+!=+'.*INF.*'])+%7C+([lemma+contains+'planera'+%26+(msd+=+'.*VB.PRS.AKT.*'+%7C+msd+=+'.*VB.PRT.AKT.*')]+[msd+=+'.*INF.AKT.*']+[msd+!=+'.*INF.*']))&corpus=flashback-dator&subcqp0=[lemma+contains+'planera'+%26+(msd+=+'.*VB.PRS.AKT.*'+%7C+msd+=+'.*VB.PRT.AKT.*')]+[word+=+'att'+%25c]+[msd+=+'.*INF.AKT.*']+[msd+!=+'.*INF.*']&subcqp1=[lemma+contains+'planera'+%26+(msd+=+'.*VB.PRS.AKT.*'+%7C+msd+=+'.*VB.PRT.AKT.*')]+[msd+=+'.*INF.AKT.*']+[msd+!=+'.*INF.*']
ss90_hota	2	https://ws.spraakbanken.gu.se/ws/korp/v8/count_time?cqp=(([lemma+contains+'hota'+%26+(msd+=+'.*VB.PRS.AKT.*'+%7C+msd+=+'.*VB.PRT.AKT.*')]+[word+=+'att'+%25c]+[msd+=+'.*INF.AKT.*']+[msd+!=+'.*INF.*'])+%7C+([lemma+contains+'hota'+%26+(msd+=+'.*VB.PRS.AKT.*'+%7C+msd+=+'.*VB.PRT.AKT.*')]+[msd+=+'.*INF.AKT.*']+[msd+!=+'.*INF.*']))&corpus=flashback-dator&subcqp0=[lemma+contains+'hota'+%26+(msd+=+'.*VB.PRS.AKT.*'+%7C+msd+=+'.*VB.PRT.AKT.*')]+[word+=+'att'+%25c]+[msd+=+'.*INF.AKT.*']+[msd+!=+'.*INF.*']&subcqp1=[lemma+contains+'hota'+%26+(msd+=+'.*VB.PRS.AKT.*'+%7C+msd+=+'.*VB.PRT.AKT.*')]+[msd+=+'.*INF.AKT.*']+[msd+!=+'.*INF.*']
ss90_anses	2	https://ws.spraakbanken.gu.se/ws/korp/v8/count_time?cqp=(([lemma+contains+'anses'+%26+(msd+=+'.*VB.PRS.AKT.*'+%7C+msd+=+'.*VB.PRT.AKT.*')]+[word+=+'att'+%25c]+[msd+=+'.*INF.AKT.*']+[msd+!=+'.*INF.*'])+%7C+([lemma+contains+'anses'+%26+(msd+=+'.*VB.PRS.AKT.*'+%7C+msd+=+'.*VB.PRT.AKT.*')]+[msd+=+'.*INF.AKT.*']+[msd+!=+'.*INF.*']))&corpus=flashback-dator&subcqp0=[lemma+contains+'anses'+%26+(msd+=+'.*VB.PRS.AKT.*'+%7C+msd+=+'.*VB.PRT.AKT.*')]+[word+=+'att'+%25c]+[msd+=+'.*INF.AKT.*']+[msd+!=+'.*INF.*']&subcqp1=[lemma+contains+'anses'+%26+(msd+=+'.*VB.PRS.AKT.*'+%7C+msd+=+'.*VB.PRT.AKT.*')]+[msd+=+'.*INF.AKT.*']+[msd+!=+'.*INF.*']
ss90_anse	2	https://ws.spraakbanken.gu.se/ws/korp/v8/count_time?cqp=(([lemma+contains+'anse'+%26+(msd+=+'.*VB.PRS.AKT.*'+%7C+msd+=+'.*VB.PRT.AKT.*')]+[word+=+'att'+%25c]+[msd+=+'.*INF.AKT.*']+[msd+!=+'.*INF.*'])+%7C+([lemma+contains+'anse'+%26+(msd+=+'.*VB.PRS.AKT.*'+%7C+msd+=+'.*VB.PRT.AKT.*')]+[msd+=+'.*INF.AKT.*']+[msd+!=+'.*INF.*']))&corpus=flashback-dator&subcqp0=[lemma+contains+'anse'+%26+(msd+=+'.*VB.PRS.AKT.*'+%7C+msd+=+'.*VB.PRT.AKT.*')]+[word+=+'att'+%25c]+[msd+=+'.*INF.AKT.*']+[msd+!=+'.*INF.*']&subcqp1=[lemma+contains+'anse'+%26+(msd+=+'.*VB.PRS.AKT.*'+%7C+msd+=+'.*VB.PRT.AKT.*')]+[msd+=+'.*INF.AKT.*']+[msd+!=+'.*INF.*']
ss90_tänka	2	https://ws.spraakbanken.gu.se/ws/korp/v8/count_time?cqp=(([lemma+contains+'t%C3%A4nka'+%26+(msd+=+'.*VB.PRS.AKT.*'+%7C+msd+=+'.*VB.PRT.AKT.*')]+[word+=+'att'+%25c]+[msd+=+'.*INF.AKT.*']+[msd+!=+'.*INF.*'])+%7C+([lemma+contains+'t%C3%A4nka'+%26+(msd+=+'.*VB.PRS.AKT.*'+%7C+msd+=+'.*VB.PRT.AKT.*')]+[msd+=+'.*INF.AKT.*']+[msd+!=+'.*INF.*']))&corpus=flashback-dator&subcqp0=[lemma+contains+'t%C3%A4nka'+%26+(msd+=+'.*VB.PRS.AKT.*'+%7C+msd+=+'.*VB.PRT.AKT.*')]+[word+=+'att'+%25c]+[msd+=+'.*INF.AKT.*']+[msd+!=+'.*INF.*']&subcqp1=[lemma+contains+'t%C3%A4nka'+%26+(msd+=+'.*VB.PRS.AKT.*'+%7C+msd+=+'.*VB.PRT.AKT.*')]+[msd+=+'.*INF.AKT.*']+[msd+!=+'.*INF.*']
ss90_behaga	2	https://ws.spraakbanken.gu.se/ws/korp/v8/count_time?cqp=(([lemma+contains+'behaga'+%26+(msd+=+'.*VB.PRS.AKT.*'+%7C+msd+=+'.*VB.PRT.AKT.*')]+[word+=+'att'+%25c]+[msd+=+'.*INF.AKT.*']+[msd+!=+'.*INF.*'])+%7C+([lemma+contains+'behaga'+%26+(msd+=+'.*VB.PRS.AKT.*'+%7C+msd+=+'.*VB.PRT.AKT.*')]+[msd+=+'.*INF.AKT.*']+[msd+!=+'.*INF.*']))&corpus=flashback-dator&subcqp0=[lemma+contains+'behaga'+%26+(msd+=+'.*VB.PRS.AKT.*'+%7C+msd+=+'.*VB.PRT.AKT.*')]+[word+=+'att'+%25c]+[msd+=+'.*INF.AKT.*']+[msd+!=+'.*INF.*']&subcqp1=[lemma+contains+'behaga'+%26+(msd+=+'.*VB.PRS.AKT.*'+%7C+msd+=+'.*VB.PRT.AKT.*')]+[msd+=+'.*INF.AKT.*']+[msd+!=+'.*INF.*']
ss90_böra	2	https://ws.spraakbanken.gu.se/ws/korp/v8/count_time?cqp=(([lemma+contains+'b%C3%B6ra'+%26+(msd+=+'.*VB.PRS.AKT.*'+%7C+msd+=+'.*VB.PRT.AKT.*')]+[word+=+'att'+%25c]+[msd+=+'.*INF.AKT.*']+[msd+!=+'.*INF.*'])+%7C+([lemma+contains+'b%C3%B6ra'+%26+(msd+=+'.*VB.PRS.AKT.*'+%7C+msd+=+'.*VB.PRT.AKT.*')]+[msd+=+'.*INF.AKT.*']+[msd+!=+'.*INF.*']))&corpus=flashback-dator&subcqp0=[lemma+contains+'b%C3%B6ra'+%26+(msd+=+'.*VB.PRS.AKT.*'+%7C+msd+=+'.*VB.PRT.AKT.*')]+[word+=+'att'+%25c]+[msd+=+'.*INF.AKT.*']+[msd+!=+'.*INF.*']&subcqp1=[lemma+contains+'b%C3%B6ra'+%26+(msd+=+'.*VB.PRS.AKT.*'+%7C+msd+=+'.*VB.PRT.AKT.*')]+[msd+=+'.*INF.AKT.*']+[msd+!=+'.*INF.*']
ss90_lär	2	https://ws.spraakbanken.gu.se/ws/korp/v8/count_time?cqp=(([lemma+contains+'l%C3%A4r'+%26+(msd+=+'.*VB.PRS.AKT.*'+%7C+msd+=+'.*VB.PRT.AKT.*')]+[word+=+'att'+%25c]+[msd+=+'.*INF.AKT.*']+[msd+!=+'.*INF.*'])+%7C+([lemma+contains+'l%C3%A4r'+%26+(msd+=+'.*VB.PRS.AKT.*'+%7C+msd+=+'.*VB.PRT.AKT.*')]+[msd+=+'.*INF.AKT.*']+[msd+!=+'.*INF.*']))&corpus=flashback-dator&subcqp0=[lemma+contains+'l%C3%A4r'+%26+(msd+=+'.*VB.PRS.AKT.*'+%7C+msd+=+'.*VB.PRT.AKT.*')]+[word+=+'att'+%25c]+[msd+=+'.*INF.AKT.*']+[msd+!=+'.*INF.*']&subcqp1=[lemma+contains+'l%C3%A4r'+%26+(msd+=+'.*VB.PRS.AKT.*'+%7C+msd+=+'.*VB.PRT.AKT.*')]+[msd+=+'.*INF.AKT.*']+[msd+!=+'.*INF.*']
ss90_må	2	https://ws.spraakbanken.gu.se/ws/korp/v8/count_time?cqp=(([lemma+contains+'m%C3%A5'+%26+(msd+=+'.*VB.PRS.AKT.*'+%7C+msd+=+'.*VB.PRT.AKT.*')]+[word+=+'att'+%25c]+[msd+=+'.*INF.AKT.*']+[msd+!=+'.*INF.*'])+%7C+([lemma+contains+'m%C3%A5'+%26+(msd+=+'.*VB.PRS.AKT.*'+%7C+msd+=+'.*VB.PRT.AKT.*')]+[msd+=+'.*INF.AKT.*']+[msd+!=+'.*INF.*']))&corpus=flashback-dator&subcqp0=[lemma+contains+'m%C3%A5'+%26+(msd+=+'.*VB.PRS.AKT.*'+%7C+msd+=+'.*VB.PRT.AKT.*')]+[word+=+'att'+%25c]+[msd+=+'.*INF.AKT.*']+[msd+!=+'.*INF.*']&subcqp1=[lemma+contains+'m%C3%A5'+%26+(msd+=+'.*VB.PRS.AKT.*'+%7C+msd+=+'.*VB.PRT.AKT.*')]+[msd+=+'.*INF.AKT.*']+[msd+!=+'.*INF.*']
ss90_måste	2	https://ws.spraakbanken.gu.se/ws/korp/v8/count_time?cqp=(([lemma+contains+'m%C3%A5ste'+%26+(msd+=+'.*VB.PRS.AKT.*'+%7C+msd+=+'.*VB.PRT.AKT.*')]+[word+=+'att'+%25c]+[msd+=+'.*INF.AKT.*']+[msd+!=+'.*INF.*'])+%7C+([lemma+contains+'m%C3%A5ste'+%26+(msd+=+'.*VB.PRS.AKT.*'+%7C+msd+=+'.*VB.PRT.AKT.*')]+[msd+=+'.*INF.AKT.*']+[msd+!=+'.*INF.*']))&corpus=flashback-dator&subcqp0=[lemma+contains+'m%C3%A5ste'+%26+(msd+=+'.*VB.PRS.AKT.*'+%7C+msd+=+'.*VB.PRT.AKT.*')]+[word+=+'att'+%25c]+[msd+=+'.*INF.AKT.*']+[msd+!=+'.*INF.*']&subcqp1=[lemma+contains+'m%C3%A5ste'+%26+(msd+=+'.*VB.PRS.AKT.*'+%7C+msd+=+'.*VB.PRT.AKT.*')]+[msd+=+'.*INF.AKT.*']+[msd+!=+'.*INF.*']
ss90_vilja	2	https://ws.spraakbanken.gu.se/ws/korp/v8/count_time?cqp=(([lemma+contains+'vilja'+%26+(msd+=+'.*VB.PRS.AKT.*'+%7C+msd+=+'.*VB.PRT.AKT.*')]+[word+=+'att'+%25c]+[msd+=+'.*INF.AKT.*']+[msd+!=+'.*INF.*'])+%7C+([lemma+contains+'vilja'+%26+(msd+=+'.*VB.PRS.AKT.*'+%7C+msd+=+'.*VB.PRT.AKT.*')]+[msd+=+'.*INF.AKT.*']+[msd+!=+'.*INF.*']))&corpus=flashback-dator&subcqp0=[lemma+contains+'vilja'+%26+(msd+=+'.*VB.PRS.AKT.*'+%7C+msd+=+'.*VB.PRT.AKT.*')]+[word+=+'att'+%25c]+[msd+=+'.*INF.AKT.*']+[msd+!=+'.*INF.*']&subcqp1=[lemma+contains+'vilja'+%26+(msd+=+'.*VB.PRS.AKT.*'+%7C+msd+=+'.*VB.PRT.AKT.*')]+[msd+=+'.*INF.AKT.*']+[msd+!=+'.*INF.*']
ss90_skola	2	https://ws.spraakbanken.gu.se/ws/korp/v8/count_time?cqp=(([lemma+contains+'skola'+%26+(msd+=+'.*VB.PRS.AKT.*'+%7C+msd+=+'.*VB.PRT.AKT.*')]+[word+=+'att'+%25c]+[msd+=+'.*INF.AKT.*']+[msd+!=+'.*INF.*'])+%7C+([lemma+contains+'skola'+%26+(msd+=+'.*VB.PRS.AKT.*'+%7C+msd+=+'.*VB.PRT.AKT.*')]+[msd+=+'.*INF.AKT.*']+[msd+!=+'.*INF.*']))&corpus=flashback-dator&subcqp0=[lemma+contains+'skola'+%26+(msd+=+'.*VB.PRS.AKT.*'+%7C+msd+=+'.*VB.PRT.AKT.*')]+[word+=+'att'+%25c]+[msd+=+'.*INF.AKT.*']+[msd+!=+'.*INF.*']&subcqp1=[lemma+contains+'skola'+%26+(msd+=+'.*VB.PRS.AKT.*'+%7C+msd+=+'.*VB.PRT.AKT.*')]+[msd+=+'.*INF.AKT.*']+[msd+!=+'.*INF.*']
ss90_kunna	2	https://ws.spraakbanken.gu.se/ws/korp/v8/count_time?cqp=(([lemma+contains+'kunna'+%26+(msd+=+'.*VB.PRS.AKT.*'+%7C+msd+=+'.*VB.PRT.AKT.*')]+[word+=+'att'+%25c]+[msd+=+'.*INF.AKT.*']+[msd+!=+'.*INF.*'])+%7C+([lemma+contains+'kunna'+%26+(msd+=+'.*VB.PRS.AKT.*'+%7C+msd+=+'.*VB.PRT.AKT.*')]+[msd+=+'.*INF.AKT.*']+[msd+!=+'.*INF.*']))&corpus=flashback-dator&subcqp0=[lemma+contains+'kunna'+%26+(msd+=+'.*VB.PRS.AKT.*'+%7C+msd+=+'.*VB.PRT.AKT.*')]+[word+=+'att'+%25c]+[msd+=+'.*INF.AKT.*']+[msd+!=+'.*INF.*']&subcqp1=[lemma+contains+'kunna'+%26+(msd+=+'.*VB.PRS.AKT.*'+%7C+msd+=+'.*VB.PRT.AKT.*')]+[msd+=+'.*INF.AKT.*']+[msd+!=+'.*INF.*']
ss90_få	2	https://ws.spraakbanken.gu.se/ws/korp/v8/count_time?cqp=(([lemma+contains+'f%C3%A5'+%26+(msd+=+'.*VB.PRS.AKT.*'+%7C+msd+=+'.*VB.PRT.AKT.*')]+[word+=+'att'+%25c]+[msd+=+'.*INF.AKT.*']+[msd+!=+'.*INF.*'])+%7C+([lemma+contains+'f%C3%A5'+%26+(msd+=+'.*VB.PRS.AKT.*'+%7C+msd+=+'.*VB.PRT.AKT.*')]+[msd+=+'.*INF.AKT.*']+[msd+!=+'.*INF.*']))&corpus=flashback-dator&subcqp0=[lemma+contains+'f%C3%A5'+%26+(msd+=+'.*VB.PRS.AKT.*'+%7C+msd+=+'.*VB.PRT.AKT.*')]+[word+=+'att'+%25c]+[msd+=+'.*INF.AKT.*']+[msd+!=+'.*INF.*']&subcqp1=[lemma+contains+'f%C3%A5'+%26+(msd+=+'.*VB.PRS.AKT.*'+%7C+msd+=+'.*VB.PRT.AKT.*')]+[msd+=+'.*INF.AKT.*']+[msd+!=+'.*INF.*']
ss90_synas	2	https://ws.spraakbanken.gu.se/ws/korp/v8/count_time?cqp=(([lemma+contains+'synas'+%26+(msd+=+'.*VB.PRS.SFO.*'+%7C+msd+=+'.*VB.PRT.SFO.*')]+[word+=+'att'+%25c]+[msd+=+'.*INF.AKT.*']+[msd+!=+'.*INF.*'])+%7C+([lemma+contains+'synas'+%26+(msd+=+'.*VB.PRS.SFO.*'+%7C+msd+=+'.*VB.PRT.SFO.*')]+[msd+=+'.*INF.AKT.*']+[msd+!=+'.*INF.*']))&corpus=flashback-dator&subcqp0=[lemma+contains+'synas'+%26+(msd+=+'.*VB.PRS.SFO.*'+%7C+msd+=+'.*VB.PRT.SFO.*')]+[word+=+'att'+%25c]+[msd+=+'.*INF.AKT.*']+[msd+!=+'.*INF.*']&subcqp1=[lemma+contains+'synas'+%26+(msd+=+'.*VB.PRS.SFO.*'+%7C+msd+=+'.*VB.PRT.SFO.*')]+[msd+=+'.*INF.AKT.*']+[msd+!=+'.*INF.*']
ss90_tyckas	2	https://ws.spraakbanken.gu.se/ws/korp/v8/count_time?cqp=(([lemma+contains+'tyckas'+%26+(msd+=+'.*VB.PRS.SFO.*'+%7C+msd+=+'.*VB.PRT.SFO.*')]+[word+=+'att'+%25c]+[msd+=+'.*INF.AKT.*']+[msd+!=+'.*INF.*'])+%7C+([lemma+contains+'tyckas'+%26+(msd+=+'.*VB.PRS.SFO.*'+%7C+msd+=+'.*VB.PRT.SFO.*')]+[msd+=+'.*INF.AKT.*']+[msd+!=+'.*INF.*']))&corpus=flashback-dator&subcqp0=[lemma+contains+'tyckas'+%26+(msd+=+'.*VB.PRS.SFO.*'+%7C+msd+=+'.*VB.PRT.SFO.*')]+[word+=+'att'+%25c]+[msd+=+'.*INF.AKT.*']+[msd+!=+'.*INF.*']&subcqp1=[lemma+contains+'tyckas'+%26+(msd+=+'.*VB.PRS.SFO.*'+%7C+msd+=+'.*VB.PRT.SFO.*')]+[msd+=+'.*INF.AKT.*']+[msd+!=+'.*INF.*']
ss90_borde	2	https://ws.spraakbanken.gu.se/ws/korp/v8/count_time?cqp=(([lemma+contains+'borde'+%26+(msd+=+'.*VB.PRS.AKT.*'+%7C+msd+=+'.*VB.PRT.AKT.*')]+[word+=+'att'+%25c]+[msd+=+'.*INF.AKT.*']+[msd+!=+'.*INF.*'])+%7C+([lemma+contains+'borde'+%26+(msd+=+'.*VB.PRS.AKT.*'+%7C+msd+=+'.*VB.PRT.AKT.*')]+[msd+=+'.*INF.AKT.*']+[msd+!=+'.*INF.*']))&corpus=flashback-dator&subcqp0=[lemma+contains+'borde'+%26+(msd+=+'.*VB.PRS.AKT.*'+%7C+msd+=+'.*VB.PRT.AKT.*')]+[word+=+'att'+%25c]+[msd+=+'.*INF.AKT.*']+[msd+!=+'.*INF.*']&subcqp1=[lemma+contains+'borde'+%26+(msd+=+'.*VB.PRS.AKT.*'+%7C+msd+=+'.*VB.PRT.AKT.*')]+[msd+=+'.*INF.AKT.*']+[msd+!=+'.*INF.*']
ss90_måtte	2	https://ws.spraakbanken.gu.se/ws/korp/v8/count_time?cqp=(([lemma+contains+'m%C3%A5tte'+%26+(msd+=+'.*VB.PRS.AKT.*'+%7C+msd+=+'.*VB.PRT.AKT.*')]+[word+=+'att'+%25c]+[msd+=+'.*INF.AKT.*']+[msd+!=+'.*INF.*'])+%7C+([lemma+contains+'m%C3%A5tte'+%26+(msd+=+'.*VB.PRS.AKT.*'+%7C+msd+=+'.*VB.PRT.AKT.*')]+[msd+=+'.*INF.AKT.*']+[msd+!=+'.*INF.*']))&corpus=flashback-dator&subcqp0=[lemma+contains+'m%C3%A5tte'+%26+(msd+=+'.*VB.PRS.AKT.*'+%7C+msd+=+'.*VB.PRT.AKT.*')]+[word+=+'att'+%25c]+[msd+=+'.*INF.AKT.*']+[msd+!=+'.*INF.*']&subcqp1=[lemma+contains+'m%C3%A5tte'+%26+(msd+=+'.*VB.PRS.AKT.*'+%7C+msd+=+'.*VB.PRT.AKT.*')]+[msd+=+'.*INF.AKT.*']+[msd+!=+'.*INF.*']
ss90_torde	2	https://ws.spraakbanken.gu.se/ws/korp/v8/count_time?cqp=(([lemma+contains+'torde'+%26+(msd+=+'.*VB.PRS.AKT.*'+%7C+msd+=+'.*VB.PRT.AKT.*')]+[word+=+'att'+%25c]+[msd+=+'.*INF.AKT.*']+[msd+!=+'.*INF.*'])+%7C+([lemma+contains+'torde'+%26+(msd+=+'.*VB.PRS.AKT.*'+%7C+msd+=+'.*VB.PRT.AKT.*')]+[msd+=+'.*INF.AKT.*']+[msd+!=+'.*INF.*']))&corpus=flashback-dator&subcqp0=[lemma+contains+'torde'+%26+(msd+=+'.*VB.PRS.AKT.*'+%7C+msd+=+'.*VB.PRT.AKT.*')]+[word+=+'att'+%25c]+[msd+=+'.*INF.AKT.*']+[msd+!=+'.*INF.*']&subcqp1=[lemma+contains+'torde'+%26+(msd+=+'.*VB.PRS.AKT.*'+%7C+msd+=+'.*VB.PRT.AKT.*')]+[msd+=+'.*INF.AKT.*']+[msd+!=+'.*INF.*']
ss90_befinnas	2	https://ws.spraakbanken.gu.se/ws/korp/v8/count_time?cqp=(([lemma+contains+'befinnas'+%26+(msd+=+'.*VB.PRS.SFO.*'+%7C+msd+=+'.*VB.PRT.SFO.*')]+[word+=+'att'+%25c]+[msd+=+'.*INF.AKT.*']+[msd+!=+'.*INF.*'])+%7C+([lemma+contains+'befinnas'+%26+(msd+=+'.*VB.PRS.SFO.*'+%7C+msd+=+'.*VB.PRT.SFO.*')]+[msd+=+'.*INF.AKT.*']+[msd+!=+'.*INF.*']))&corpus=flashback-dator&subcqp0=[lemma+contains+'befinnas'+%26+(msd+=+'.*VB.PRS.SFO.*'+%7C+msd+=+'.*VB.PRT.SFO.*')]+[word+=+'att'+%25c]+[msd+=+'.*INF.AKT.*']+[msd+!=+'.*INF.*']&subcqp1=[lemma+contains+'befinnas'+%26+(msd+=+'.*VB.PRS.SFO.*'+%7C+msd+=+'.*VB.PRT.SFO.*')]+[msd+=+'.*INF.AKT.*']+[msd+!=+'.*INF.*']
ss90_skall	2	https://ws.spraakbanken.gu.se/ws/korp/v8/count_time?cqp=(([lemma+contains+'skall'+%26+(msd+=+'.*VB.PRS.AKT.*'+%7C+msd+=+'.*VB.PRT.AKT.*')]+[word+=+'att'+%25c]+[msd+=+'.*INF.AKT.*']+[msd+!=+'.*INF.*'])+%7C+([lemma+contains+'skall'+%26+(msd+=+'.*VB.PRS.AKT.*'+%7C+msd+=+'.*VB.PRT.AKT.*')]+[msd+=+'.*INF.AKT.*']+[msd+!=+'.*INF.*']))&corpus=flashback-dator&subcqp0=[lemma+contains+'skall'+%26+(msd+=+'.*VB.PRS.AKT.*'+%7C+msd+=+'.*VB.PRT.AKT.*')]+[word+=+'att'+%25c]+[msd+=+'.*INF.AKT.*']+[msd+!=+'.*INF.*']&subcqp1=[lemma+contains+'skall'+%26+(msd+=+'.*VB.PRS.AKT.*'+%7C+msd+=+'.*VB.PRT.AKT.*')]+[msd+=+'.*INF.AKT.*']+[msd+!=+'.*INF.*']
ss90_bör	2	https://ws.spraakbanken.gu.se/ws/korp/v8/count_time?cqp=(([lemma+contains+'b%C3%B6r'+%26+(msd+=+'.*VB.PRS.AKT.*'+%7C+msd+=+'.*VB.PRT.AKT.*')]+[word+=+'att'+%25c]+[msd+=+'.*INF.AKT.*']+[msd+!=+'.*INF.*'])+%7C+([lemma+contains+'b%C3%B6r'+%26+(msd+=+'.*VB.PRS.AKT.*'+%7C+msd+=+'.*VB.PRT.AKT.*')]+[msd+=+'.*INF.AKT.*']+[msd+!=+'.*INF.*']))&corpus=flashback-dator&subcqp0=[lemma+contains+'b%C3%B6r'+%26+(msd+=+'.*VB.PRS.AKT.*'+%7C+msd+=+'.*VB.PRT.AKT.*')]+[word+=+'att'+%25c]+[msd+=+'.*INF.AKT.*']+[msd+!=+'.*INF.*']&subcqp1=[lemma+contains+'b%C3%B6r'+%26+(msd+=+'.*VB.PRS.AKT.*'+%7C+msd+=+'.*VB.PRT.AKT.*')]+[msd+=+'.*INF.AKT.*']+[msd+!=+'.*INF.*']
ss90_äga	2	https://ws.spraakbanken.gu.se/ws/korp/v8/count_time?cqp=(([lemma+contains+'%C3%A4ga'+%26+(msd+=+'.*VB.PRS.AKT.*'+%7C+msd+=+'.*VB.PRT.AKT.*')]+[word+=+'att'+%25c]+[msd+=+'.*INF.AKT.*']+[msd+!=+'.*INF.*'])+%7C+([lemma+contains+'%C3%A4ga'+%26+(msd+=+'.*VB.PRS.AKT.*'+%7C+msd+=+'.*VB.PRT.AKT.*')]+[msd+=+'.*INF.AKT.*']+[msd+!=+'.*INF.*']))&corpus=flashback-dator&subcqp0=[lemma+contains+'%C3%A4ga'+%26+(msd+=+'.*VB.PRS.AKT.*'+%7C+msd+=+'.*VB.PRT.AKT.*')]+[word+=+'att'+%25c]+[msd+=+'.*INF.AKT.*']+[msd+!=+'.*INF.*']&subcqp1=[lemma+contains+'%C3%A4ga'+%26+(msd+=+'.*VB.PRS.AKT.*'+%7C+msd+=+'.*VB.PRT.AKT.*')]+[msd+=+'.*INF.AKT.*']+[msd+!=+'.*INF.*']
ss90_ha	2	https://ws.spraakbanken.gu.se/ws/korp/v8/count_time?cqp=(([lemma+contains+'ha'+%26+(msd+=+'.*VB.PRS.AKT.*'+%7C+msd+=+'.*VB.PRT.AKT.*')]+[word+=+'att'+%25c]+[msd+=+'.*INF.AKT.*']+[msd+!=+'.*INF.*'])+%7C+([lemma+contains+'ha'+%26+(msd+=+'.*VB.PRS.AKT.*'+%7C+msd+=+'.*VB.PRT.AKT.*')]+[msd+=+'.*INF.AKT.*']+[msd+!=+'.*INF.*']))&corpus=flashback-dator&subcqp0=[lemma+contains+'ha'+%26+(msd+=+'.*VB.PRS.AKT.*'+%7C+msd+=+'.*VB.PRT.AKT.*')]+[word+=+'att'+%25c]+[msd+=+'.*INF.AKT.*']+[msd+!=+'.*INF.*']&subcqp1=[lemma+contains+'ha'+%26+(msd+=+'.*VB.PRS.AKT.*'+%7C+msd+=+'.*VB.PRT.AKT.*')]+[msd+=+'.*INF.AKT.*']+[msd+!=+'.*INF.*']
ss90_behöva	2	https://ws.spraakbanken.gu.se/ws/korp/v8/count_time?cqp=(([lemma+contains+'beh%C3%B6va'+%26+(msd+=+'.*VB.PRS.AKT.*'+%7C+msd+=+'.*VB.PRT.AKT.*')]+[word+=+'att'+%25c]+[msd+=+'.*INF.AKT.*']+[msd+!=+'.*INF.*'])+%7C+([lemma+contains+'beh%C3%B6va'+%26+(msd+=+'.*VB.PRS.AKT.*'+%7C+msd+=+'.*VB.PRT.AKT.*')]+[msd+=+'.*INF.AKT.*']+[msd+!=+'.*INF.*']))&corpus=flashback-dator&subcqp0=[lemma+contains+'beh%C3%B6va'+%26+(msd+=+'.*VB.PRS.AKT.*'+%7C+msd+=+'.*VB.PRT.AKT.*')]+[word+=+'att'+%25c]+[msd+=+'.*INF.AKT.*']+[msd+!=+'.*INF.*']&subcqp1=[lemma+contains+'beh%C3%B6va'+%26+(msd+=+'.*VB.PRS.AKT.*'+%7C+msd+=+'.*VB.PRT.AKT.*')]+[msd+=+'.*INF.AKT.*']+[msd+!=+'.*INF.*']
ss90_förefalla	2	https://ws.spraakbanken.gu.se/ws/korp/v8/count_time?cqp=(([lemma+contains+'f%C3%B6refalla'+%26+(msd+=+'.*VB.PRS.AKT.*'+%7C+msd+=+'.*VB.PRT.AKT.*')]+[word+=+'att'+%25c]+[msd+=+'.*INF.AKT.*']+[msd+!=+'.*INF.*'])+%7C+([lemma+contains+'f%C3%B6refalla'+%26+(msd+=+'.*VB.PRS.AKT.*'+%7C+msd+=+'.*VB.PRT.AKT.*')]+[msd+=+'.*INF.AKT.*']+[msd+!=+'.*INF.*']))&corpus=flashback-dator&subcqp0=[lemma+contains+'f%C3%B6refalla'+%26+(msd+=+'.*VB.PRS.AKT.*'+%7C+msd+=+'.*VB.PRT.AKT.*')]+[word+=+'att'+%25c]+[msd+=+'.*INF.AKT.*']+[msd+!=+'.*INF.*']&subcqp1=[lemma+contains+'f%C3%B6refalla'+%26+(msd+=+'.*VB.PRS.AKT.*'+%7C+msd+=+'.*VB.PRT.AKT.*')]+[msd+=+'.*INF.AKT.*']+[msd+!=+'.*INF.*']
ss90_slippa	2	https://ws.spraakbanken.gu.se/ws/korp/v8/count_time?cqp=(([lemma+contains+'slippa'+%26+(msd+=+'.*VB.PRS.AKT.*'+%7C+msd+=+'.*VB.PRT.AKT.*')]+[word+=+'att'+%25c]+[msd+=+'.*INF.AKT.*']+[msd+!=+'.*INF.*'])+%7C+([lemma+contains+'slippa'+%26+(msd+=+'.*VB.PRS.AKT.*'+%7C+msd+=+'.*VB.PRT.AKT.*')]+[msd+=+'.*INF.AKT.*']+[msd+!=+'.*INF.*']))&corpus=flashback-dator&subcqp0=[lemma+contains+'slippa'+%26+(msd+=+'.*VB.PRS.AKT.*'+%7C+msd+=+'.*VB.PRT.AKT.*')]+[word+=+'att'+%25c]+[msd+=+'.*INF.AKT.*']+[msd+!=+'.*INF.*']&subcqp1=[lemma+contains+'slippa'+%26+(msd+=+'.*VB.PRS.AKT.*'+%7C+msd+=+'.*VB.PRT.AKT.*')]+[msd+=+'.*INF.AKT.*']+[msd+!=+'.*INF.*']
ss90_verka	2	https://ws.spraakbanken.gu.se/ws/korp/v8/count_time?cqp=(([lemma+contains+'verka'+%26+(msd+=+'.*VB.PRS.AKT.*'+%7C+msd+=+'.*VB.PRT.AKT.*')]+[word+=+'att'+%25c]+[msd+=+'.*INF.AKT.*']+[msd+!=+'.*INF.*'])+%7C+([lemma+contains+'verka'+%26+(msd+=+'.*VB.PRS.AKT.*'+%7C+msd+=+'.*VB.PRT.AKT.*')]+[msd+=+'.*INF.AKT.*']+[msd+!=+'.*INF.*']))&corpus=flashback-dator&subcqp0=[lemma+contains+'verka'+%26+(msd+=+'.*VB.PRS.AKT.*'+%7C+msd+=+'.*VB.PRT.AKT.*')]+[word+=+'att'+%25c]+[msd+=+'.*INF.AKT.*']+[msd+!=+'.*INF.*']&subcqp1=[lemma+contains+'verka'+%26+(msd+=+'.*VB.PRS.AKT.*'+%7C+msd+=+'.*VB.PRT.AKT.*')]+[msd+=+'.*INF.AKT.*']+[msd+!=+'.*INF.*']
ss90_töras	2	https://ws.spraakbanken.gu.se/ws/korp/v8/count_time?cqp=(([lemma+contains+'t%C3%B6ras'+%26+(msd+=+'.*VB.PRS.SFO.*'+%7C+msd+=+'.*VB.PRT.SFO.*')]+[word+=+'att'+%25c]+[msd+=+'.*INF.AKT.*']+[msd+!=+'.*INF.*'])+%7C+([lemma+contains+'t%C3%B6ras'+%26+(msd+=+'.*VB.PRS.SFO.*'+%7C+msd+=+'.*VB.PRT.SFO.*')]+[msd+=+'.*INF.AKT.*']+[msd+!=+'.*INF.*']))&corpus=flashback-dator&subcqp0=[lemma+contains+'t%C3%B6ras'+%26+(msd+=+'.*VB.PRS.SFO.*'+%7C+msd+=+'.*VB.PRT.SFO.*')]+[word+=+'att'+%25c]+[msd+=+'.*INF.AKT.*']+[msd+!=+'.*INF.*']&subcqp1=[lemma+contains+'t%C3%B6ras'+%26+(msd+=+'.*VB.PRS.SFO.*'+%7C+msd+=+'.*VB.PRT.SFO.*')]+[msd+=+'.*INF.AKT.*']+[msd+!=+'.*INF.*']
ss90_mäkta	2	https://ws.spraakbanken.gu.se/ws/korp/v8/count_time?cqp=(([lemma+contains+'m%C3%A4kta'+%26+(msd+=+'.*VB.PRS.AKT.*'+%7C+msd+=+'.*VB.PRT.AKT.*')]+[word+=+'att'+%25c]+[msd+=+'.*INF.AKT.*']+[msd+!=+'.*INF.*'])+%7C+([lemma+contains+'m%C3%A4kta'+%26+(msd+=+'.*VB.PRS.AKT.*'+%7C+msd+=+'.*VB.PRT.AKT.*')]+[msd+=+'.*INF.AKT.*']+[msd+!=+'.*INF.*']))&corpus=flashback-dator&subcqp0=[lemma+contains+'m%C3%A4kta'+%26+(msd+=+'.*VB.PRS.AKT.*'+%7C+msd+=+'.*VB.PRT.AKT.*')]+[word+=+'att'+%25c]+[msd+=+'.*INF.AKT.*']+[msd+!=+'.*INF.*']&subcqp1=[lemma+contains+'m%C3%A4kta'+%26+(msd+=+'.*VB.PRS.AKT.*'+%7C+msd+=+'.*VB.PRT.AKT.*')]+[msd+=+'.*INF.AKT.*']+[msd+!=+'.*INF.*']
ss90_förstå	2	https://ws.spraakbanken.gu.se/ws/korp/v8/count_time?cqp=(([lemma+contains+'f%C3%B6rst%C3%A5'+%26+(msd+=+'.*VB.PRS.AKT.*'+%7C+msd+=+'.*VB.PRT.AKT.*')]+[word+=+'att'+%25c]+[msd+=+'.*INF.AKT.*']+[msd+!=+'.*INF.*'])+%7C+([lemma+contains+'f%C3%B6rst%C3%A5'+%26+(msd+=+'.*VB.PRS.AKT.*'+%7C+msd+=+'.*VB.PRT.AKT.*')]+[msd+=+'.*INF.AKT.*']+[msd+!=+'.*INF.*']))&corpus=flashback-dator&subcqp0=[lemma+contains+'f%C3%B6rst%C3%A5'+%26+(msd+=+'.*VB.PRS.AKT.*'+%7C+msd+=+'.*VB.PRT.AKT.*')]+[word+=+'att'+%25c]+[msd+=+'.*INF.AKT.*']+[msd+!=+'.*INF.*']&subcqp1=[lemma+contains+'f%C3%B6rst%C3%A5'+%26+(msd+=+'.*VB.PRS.AKT.*'+%7C+msd+=+'.*VB.PRT.AKT.*')]+[msd+=+'.*INF.AKT.*']+[msd+!=+'.*INF.*']
ss90_hinna med	2	https://ws.spraakbanken.gu.se/ws/korp/v8/count_time?cqp=(([lemma+contains+'hinna+med'+%26+(msd+=+'.*VB.PRS.AKT.*'+%7C+msd+=+'.*VB.PRT.AKT.*')]+[word+=+'att'+%25c]+[msd+=+'.*INF.AKT.*']+[msd+!=+'.*INF.*'])+%7C+([lemma+contains+'hinna+med'+%26+(msd+=+'.*VB.PRS.AKT.*'+%7C+msd+=+'.*VB.PRT.AKT.*')]+[msd+=+'.*INF.AKT.*']+[msd+!=+'.*INF.*']))&corpus=flashback-dator&subcqp0=[lemma+contains+'hinna+med'+%26+(msd+=+'.*VB.PRS.AKT.*'+%7C+msd+=+'.*VB.PRT.AKT.*')]+[word+=+'att'+%25c]+[msd+=+'.*INF.AKT.*']+[msd+!=+'.*INF.*']&subcqp1=[lemma+contains+'hinna+med'+%26+(msd+=+'.*VB.PRS.AKT.*'+%7C+msd+=+'.*VB.PRT.AKT.*')]+[msd+=+'.*INF.AKT.*']+[msd+!=+'.*INF.*']
ss90_vara i stånd	2	https://ws.spraakbanken.gu.se/ws/korp/v8/count_time?cqp=(([lemma+contains+'vara+i+st%C3%A5nd'+%26+(msd+=+'.*VB.PRS.AKT.*'+%7C+msd+=+'.*VB.PRT.AKT.*')]+[word+=+'att'+%25c]+[msd+=+'.*INF.AKT.*']+[msd+!=+'.*INF.*'])+%7C+([lemma+contains+'vara+i+st%C3%A5nd'+%26+(msd+=+'.*VB.PRS.AKT.*'+%7C+msd+=+'.*VB.PRT.AKT.*')]+[msd+=+'.*INF.AKT.*']+[msd+!=+'.*INF.*']))&corpus=flashback-dator&subcqp0=[lemma+contains+'vara+i+st%C3%A5nd'+%26+(msd+=+'.*VB.PRS.AKT.*'+%7C+msd+=+'.*VB.PRT.AKT.*')]+[word+=+'att'+%25c]+[msd+=+'.*INF.AKT.*']+[msd+!=+'.*INF.*']&subcqp1=[lemma+contains+'vara+i+st%C3%A5nd'+%26+(msd+=+'.*VB.PRS.AKT.*'+%7C+msd+=+'.*VB.PRT.AKT.*')]+[msd+=+'.*INF.AKT.*']+[msd+!=+'.*INF.*']
ss90_våga	2	https://ws.spraakbanken.gu.se/ws/korp/v8/count_time?cqp=(([lemma+contains+'v%C3%A5ga'+%26+(msd+=+'.*VB.PRS.AKT.*'+%7C+msd+=+'.*VB.PRT.AKT.*')]+[word+=+'att'+%25c]+[msd+=+'.*INF.AKT.*']+[msd+!=+'.*INF.*'])+%7C+([lemma+contains+'v%C3%A5ga'+%26+(msd+=+'.*VB.PRS.AKT.*'+%7C+msd+=+'.*VB.PRT.AKT.*')]+[msd+=+'.*INF.AKT.*']+[msd+!=+'.*INF.*']))&corpus=flashback-dator&subcqp0=[lemma+contains+'v%C3%A5ga'+%26+(msd+=+'.*VB.PRS.AKT.*'+%7C+msd+=+'.*VB.PRT.AKT.*')]+[word+=+'att'+%25c]+[msd+=+'.*INF.AKT.*']+[msd+!=+'.*INF.*']&subcqp1=[lemma+contains+'v%C3%A5ga'+%26+(msd+=+'.*VB.PRS.AKT.*'+%7C+msd+=+'.*VB.PRT.AKT.*')]+[msd+=+'.*INF.AKT.*']+[msd+!=+'.*INF.*']
ss90_hinna	2	https://ws.spraakbanken.gu.se/ws/korp/v8/count_time?cqp=(([lemma+contains+'hinna'+%26+(msd+=+'.*VB.PRS.AKT.*'+%7C+msd+=+'.*VB.PRT.AKT.*')]+[word+=+'att'+%25c]+[msd+=+'.*INF.AKT.*']+[msd+!=+'.*INF.*'])+%7C+([lemma+contains+'hinna'+%26+(msd+=+'.*VB.PRS.AKT.*'+%7C+msd+=+'.*VB.PRT.AKT.*')]+[msd+=+'.*INF.AKT.*']+[msd+!=+'.*INF.*']))&corpus=flashback-dator&subcqp0=[lemma+contains+'hinna'+%26+(msd+=+'.*VB.PRS.AKT.*'+%7C+msd+=+'.*VB.PRT.AKT.*')]+[word+=+'att'+%25c]+[msd+=+'.*INF.AKT.*']+[msd+!=+'.*INF.*']&subcqp1=[lemma+contains+'hinna'+%26+(msd+=+'.*VB.PRS.AKT.*'+%7C+msd+=+'.*VB.PRT.AKT.*')]+[msd+=+'.*INF.AKT.*']+[msd+!=+'.*INF.*']
ss90_lyckas	2	https://ws.spraakbanken.gu.se/ws/korp/v8/count_time?cqp=(([lemma+contains+'lyckas'+%26+(msd+=+'.*VB.PRS.SFO.*'+%7C+msd+=+'.*VB.PRT.SFO.*')]+[word+=+'att'+%25c]+[msd+=+'.*INF.AKT.*']+[msd+!=+'.*INF.*'])+%7C+([lemma+contains+'lyckas'+%26+(msd+=+'.*VB.PRS.SFO.*'+%7C+msd+=+'.*VB.PRT.SFO.*')]+[msd+=+'.*INF.AKT.*']+[msd+!=+'.*INF.*']))&corpus=flashback-dator&subcqp0=[lemma+contains+'lyckas'+%26+(msd+=+'.*VB.PRS.SFO.*'+%7C+msd+=+'.*VB.PRT.SFO.*')]+[word+=+'att'+%25c]+[msd+=+'.*INF.AKT.*']+[msd+!=+'.*INF.*']&subcqp1=[lemma+contains+'lyckas'+%26+(msd+=+'.*VB.PRS.SFO.*'+%7C+msd+=+'.*VB.PRT.SFO.*')]+[msd+=+'.*INF.AKT.*']+[msd+!=+'.*INF.*']
ss90_förtjäna	2	https://ws.spraakbanken.gu.se/ws/korp/v8/count_time?cqp=(([lemma+contains+'f%C3%B6rtj%C3%A4na'+%26+(msd+=+'.*VB.PRS.AKT.*'+%7C+msd+=+'.*VB.PRT.AKT.*')]+[word+=+'att'+%25c]+[msd+=+'.*INF.AKT.*']+[msd+!=+'.*INF.*'])+%7C+([lemma+contains+'f%C3%B6rtj%C3%A4na'+%26+(msd+=+'.*VB.PRS.AKT.*'+%7C+msd+=+'.*VB.PRT.AKT.*')]+[msd+=+'.*INF.AKT.*']+[msd+!=+'.*INF.*']))&corpus=flashback-dator&subcqp0=[lemma+contains+'f%C3%B6rtj%C3%A4na'+%26+(msd+=+'.*VB.PRS.AKT.*'+%7C+msd+=+'.*VB.PRT.AKT.*')]+[word+=+'att'+%25c]+[msd+=+'.*INF.AKT.*']+[msd+!=+'.*INF.*']&subcqp1=[lemma+contains+'f%C3%B6rtj%C3%A4na'+%26+(msd+=+'.*VB.PRS.AKT.*'+%7C+msd+=+'.*VB.PRT.AKT.*')]+[msd+=+'.*INF.AKT.*']+[msd+!=+'.*INF.*']
ss90_förmå	2	https://ws.spraakbanken.gu.se/ws/korp/v8/count_time?cqp=(([lemma+contains+'f%C3%B6rm%C3%A5'+%26+(msd+=+'.*VB.PRS.AKT.*'+%7C+msd+=+'.*VB.PRT.AKT.*')]+[word+=+'att'+%25c]+[msd+=+'.*INF.AKT.*']+[msd+!=+'.*INF.*'])+%7C+([lemma+contains+'f%C3%B6rm%C3%A5'+%26+(msd+=+'.*VB.PRS.AKT.*'+%7C+msd+=+'.*VB.PRT.AKT.*')]+[msd+=+'.*INF.AKT.*']+[msd+!=+'.*INF.*']))&corpus=flashback-dator&subcqp0=[lemma+contains+'f%C3%B6rm%C3%A5'+%26+(msd+=+'.*VB.PRS.AKT.*'+%7C+msd+=+'.*VB.PRT.AKT.*')]+[word+=+'att'+%25c]+[msd+=+'.*INF.AKT.*']+[msd+!=+'.*INF.*']&subcqp1=[lemma+contains+'f%C3%B6rm%C3%A5'+%26+(msd+=+'.*VB.PRS.AKT.*'+%7C+msd+=+'.*VB.PRT.AKT.*')]+[msd+=+'.*INF.AKT.*']+[msd+!=+'.*INF.*']
ss90_tåla	2	https://ws.spraakbanken.gu.se/ws/korp/v8/count_time?cqp=(([lemma+contains+'t%C3%A5la'+%26+(msd+=+'.*VB.PRS.AKT.*'+%7C+msd+=+'.*VB.PRT.AKT.*')]+[word+=+'att'+%25c]+[msd+=+'.*INF.AKT.*']+[msd+!=+'.*INF.*'])+%7C+([lemma+contains+'t%C3%A5la'+%26+(msd+=+'.*VB.PRS.AKT.*'+%7C+msd+=+'.*VB.PRT.AKT.*')]+[msd+=+'.*INF.AKT.*']+[msd+!=+'.*INF.*']))&corpus=flashback-dator&subcqp0=[lemma+contains+'t%C3%A5la'+%26+(msd+=+'.*VB.PRS.AKT.*'+%7C+msd+=+'.*VB.PRT.AKT.*')]+[word+=+'att'+%25c]+[msd+=+'.*INF.AKT.*']+[msd+!=+'.*INF.*']&subcqp1=[lemma+contains+'t%C3%A5la'+%26+(msd+=+'.*VB.PRS.AKT.*'+%7C+msd+=+'.*VB.PRT.AKT.*')]+[msd+=+'.*INF.AKT.*']+[msd+!=+'.*INF.*']
ss90_orka	2	https://ws.spraakbanken.gu.se/ws/korp/v8/count_time?cqp=(([lemma+contains+'orka'+%26+(msd+=+'.*VB.PRS.AKT.*'+%7C+msd+=+'.*VB.PRT.AKT.*')]+[word+=+'att'+%25c]+[msd+=+'.*INF.AKT.*']+[msd+!=+'.*INF.*'])+%7C+([lemma+contains+'orka'+%26+(msd+=+'.*VB.PRS.AKT.*'+%7C+msd+=+'.*VB.PRT.AKT.*')]+[msd+=+'.*INF.AKT.*']+[msd+!=+'.*INF.*']))&corpus=flashback-dator&subcqp0=[lemma+contains+'orka'+%26+(msd+=+'.*VB.PRS.AKT.*'+%7C+msd+=+'.*VB.PRT.AKT.*')]+[word+=+'att'+%25c]+[msd+=+'.*INF.AKT.*']+[msd+!=+'.*INF.*']&subcqp1=[lemma+contains+'orka'+%26+(msd+=+'.*VB.PRS.AKT.*'+%7C+msd+=+'.*VB.PRT.AKT.*')]+[msd+=+'.*INF.AKT.*']+[msd+!=+'.*INF.*']
ss90_skola	2	https://ws.spraakbanken.gu.se/ws/korp/v8/count_time?cqp=(([lemma+contains+'skola'+%26+(msd+=+'.*VB.PRS.AKT.*'+%7C+msd+=+'.*VB.PRT.AKT.*')]+[word+=+'att'+%25c]+[msd+=+'.*INF.AKT.*']+[msd+!=+'.*INF.*'])+%7C+([lemma+contains+'skola'+%26+(msd+=+'.*VB.PRS.AKT.*'+%7C+msd+=+'.*VB.PRT.AKT.*')]+[msd+=+'.*INF.AKT.*']+[msd+!=+'.*INF.*']))&corpus=flashback-dator&subcqp0=[lemma+contains+'skola'+%26+(msd+=+'.*VB.PRS.AKT.*'+%7C+msd+=+'.*VB.PRT.AKT.*')]+[word+=+'att'+%25c]+[msd+=+'.*INF.AKT.*']+[msd+!=+'.*INF.*']&subcqp1=[lemma+contains+'skola'+%26+(msd+=+'.*VB.PRS.AKT.*'+%7C+msd+=+'.*VB.PRT.AKT.*')]+[msd+=+'.*INF.AKT.*']+[msd+!=+'.*INF.*']
ss90_komma	2	https://ws.spraakbanken.gu.se/ws/korp/v8/count_time?cqp=(([lemma+contains+'komma'+%26+(msd+=+'.*VB.PRS.AKT.*'+%7C+msd+=+'.*VB.PRT.AKT.*')]+[word+=+'att'+%25c]+[msd+=+'.*INF.AKT.*']+[msd+!=+'.*INF.*'])+%7C+([lemma+contains+'komma'+%26+(msd+=+'.*VB.PRS.AKT.*'+%7C+msd+=+'.*VB.PRT.AKT.*')]+[msd+=+'.*INF.AKT.*']+[msd+!=+'.*INF.*']))&corpus=flashback-dator&subcqp0=[lemma+contains+'komma'+%26+(msd+=+'.*VB.PRS.AKT.*'+%7C+msd+=+'.*VB.PRT.AKT.*')]+[word+=+'att'+%25c]+[msd+=+'.*INF.AKT.*']+[msd+!=+'.*INF.*']&subcqp1=[lemma+contains+'komma'+%26+(msd+=+'.*VB.PRS.AKT.*'+%7C+msd+=+'.*VB.PRT.AKT.*')]+[msd+=+'.*INF.AKT.*']+[msd+!=+'.*INF.*']
ss90_avsky	2	https://ws.spraakbanken.gu.se/ws/korp/v8/count_time?cqp=(([lemma+contains+'avsky'+%26+(msd+=+'.*VB.PRS.AKT.*'+%7C+msd+=+'.*VB.PRT.AKT.*')]+[word+=+'att'+%25c]+[msd+=+'.*INF.AKT.*']+[msd+!=+'.*INF.*'])+%7C+([lemma+contains+'avsky'+%26+(msd+=+'.*VB.PRS.AKT.*'+%7C+msd+=+'.*VB.PRT.AKT.*')]+[msd+=+'.*INF.AKT.*']+[msd+!=+'.*INF.*']))&corpus=flashback-dator&subcqp0=[lemma+contains+'avsky'+%26+(msd+=+'.*VB.PRS.AKT.*'+%7C+msd+=+'.*VB.PRT.AKT.*')]+[word+=+'att'+%25c]+[msd+=+'.*INF.AKT.*']+[msd+!=+'.*INF.*']&subcqp1=[lemma+contains+'avsky'+%26+(msd+=+'.*VB.PRS.AKT.*'+%7C+msd+=+'.*VB.PRT.AKT.*')]+[msd+=+'.*INF.AKT.*']+[msd+!=+'.*INF.*']
ss90_förakta	2	https://ws.spraakbanken.gu.se/ws/korp/v8/count_time?cqp=(([lemma+contains+'f%C3%B6rakta'+%26+(msd+=+'.*VB.PRS.AKT.*'+%7C+msd+=+'.*VB.PRT.AKT.*')]+[word+=+'att'+%25c]+[msd+=+'.*INF.AKT.*']+[msd+!=+'.*INF.*'])+%7C+([lemma+contains+'f%C3%B6rakta'+%26+(msd+=+'.*VB.PRS.AKT.*'+%7C+msd+=+'.*VB.PRT.AKT.*')]+[msd+=+'.*INF.AKT.*']+[msd+!=+'.*INF.*']))&corpus=flashback-dator&subcqp0=[lemma+contains+'f%C3%B6rakta'+%26+(msd+=+'.*VB.PRS.AKT.*'+%7C+msd+=+'.*VB.PRT.AKT.*')]+[word+=+'att'+%25c]+[msd+=+'.*INF.AKT.*']+[msd+!=+'.*INF.*']&subcqp1=[lemma+contains+'f%C3%B6rakta'+%26+(msd+=+'.*VB.PRS.AKT.*'+%7C+msd+=+'.*VB.PRT.AKT.*')]+[msd+=+'.*INF.AKT.*']+[msd+!=+'.*INF.*']
ss90_föredra	2	https://ws.spraakbanken.gu.se/ws/korp/v8/count_time?cqp=(([lemma+contains+'f%C3%B6redra'+%26+(msd+=+'.*VB.PRS.AKT.*'+%7C+msd+=+'.*VB.PRT.AKT.*')]+[word+=+'att'+%25c]+[msd+=+'.*INF.AKT.*']+[msd+!=+'.*INF.*'])+%7C+([lemma+contains+'f%C3%B6redra'+%26+(msd+=+'.*VB.PRS.AKT.*'+%7C+msd+=+'.*VB.PRT.AKT.*')]+[msd+=+'.*INF.AKT.*']+[msd+!=+'.*INF.*']))&corpus=flashback-dator&subcqp0=[lemma+contains+'f%C3%B6redra'+%26+(msd+=+'.*VB.PRS.AKT.*'+%7C+msd+=+'.*VB.PRT.AKT.*')]+[word+=+'att'+%25c]+[msd+=+'.*INF.AKT.*']+[msd+!=+'.*INF.*']&subcqp1=[lemma+contains+'f%C3%B6redra'+%26+(msd+=+'.*VB.PRS.AKT.*'+%7C+msd+=+'.*VB.PRT.AKT.*')]+[msd+=+'.*INF.AKT.*']+[msd+!=+'.*INF.*']
ss90_acceptera	2	https://ws.spraakbanken.gu.se/ws/korp/v8/count_time?cqp=(([lemma+contains+'acceptera'+%26+(msd+=+'.*VB.PRS.AKT.*'+%7C+msd+=+'.*VB.PRT.AKT.*')]+[word+=+'att'+%25c]+[msd+=+'.*INF.AKT.*']+[msd+!=+'.*INF.*'])+%7C+([lemma+contains+'acceptera'+%26+(msd+=+'.*VB.PRS.AKT.*'+%7C+msd+=+'.*VB.PRT.AKT.*')]+[msd+=+'.*INF.AKT.*']+[msd+!=+'.*INF.*']))&corpus=flashback-dator&subcqp0=[lemma+contains+'acceptera'+%26+(msd+=+'.*VB.PRS.AKT.*'+%7C+msd+=+'.*VB.PRT.AKT.*')]+[word+=+'att'+%25c]+[msd+=+'.*INF.AKT.*']+[msd+!=+'.*INF.*']&subcqp1=[lemma+contains+'acceptera'+%26+(msd+=+'.*VB.PRS.AKT.*'+%7C+msd+=+'.*VB.PRT.AKT.*')]+[msd+=+'.*INF.AKT.*']+[msd+!=+'.*INF.*']
ss90_älska	2	https://ws.spraakbanken.gu.se/ws/korp/v8/count_time?cqp=(([lemma+contains+'%C3%A4lska'+%26+(msd+=+'.*VB.PRS.AKT.*'+%7C+msd+=+'.*VB.PRT.AKT.*')]+[word+=+'att'+%25c]+[msd+=+'.*INF.AKT.*']+[msd+!=+'.*INF.*'])+%7C+([lemma+contains+'%C3%A4lska'+%26+(msd+=+'.*VB.PRS.AKT.*'+%7C+msd+=+'.*VB.PRT.AKT.*')]+[msd+=+'.*INF.AKT.*']+[msd+!=+'.*INF.*']))&corpus=flashback-dator&subcqp0=[lemma+contains+'%C3%A4lska'+%26+(msd+=+'.*VB.PRS.AKT.*'+%7C+msd+=+'.*VB.PRT.AKT.*')]+[word+=+'att'+%25c]+[msd+=+'.*INF.AKT.*']+[msd+!=+'.*INF.*']&subcqp1=[lemma+contains+'%C3%A4lska'+%26+(msd+=+'.*VB.PRS.AKT.*'+%7C+msd+=+'.*VB.PRT.AKT.*')]+[msd+=+'.*INF.AKT.*']+[msd+!=+'.*INF.*']
ss90_gilla	2	https://ws.spraakbanken.gu.se/ws/korp/v8/count_time?cqp=(([lemma+contains+'gilla'+%26+(msd+=+'.*VB.PRS.AKT.*'+%7C+msd+=+'.*VB.PRT.AKT.*')]+[word+=+'att'+%25c]+[msd+=+'.*INF.AKT.*']+[msd+!=+'.*INF.*'])+%7C+([lemma+contains+'gilla'+%26+(msd+=+'.*VB.PRS.AKT.*'+%7C+msd+=+'.*VB.PRT.AKT.*')]+[msd+=+'.*INF.AKT.*']+[msd+!=+'.*INF.*']))&corpus=flashback-dator&subcqp0=[lemma+contains+'gilla'+%26+(msd+=+'.*VB.PRS.AKT.*'+%7C+msd+=+'.*VB.PRT.AKT.*')]+[word+=+'att'+%25c]+[msd+=+'.*INF.AKT.*']+[msd+!=+'.*INF.*']&subcqp1=[lemma+contains+'gilla'+%26+(msd+=+'.*VB.PRS.AKT.*'+%7C+msd+=+'.*VB.PRT.AKT.*')]+[msd+=+'.*INF.AKT.*']+[msd+!=+'.*INF.*']
ss90_hata	2	https://ws.spraakbanken.gu.se/ws/korp/v8/count_time?cqp=(([lemma+contains+'hata'+%26+(msd+=+'.*VB.PRS.AKT.*'+%7C+msd+=+'.*VB.PRT.AKT.*')]+[word+=+'att'+%25c]+[msd+=+'.*INF.AKT.*']+[msd+!=+'.*INF.*'])+%7C+([lemma+contains+'hata'+%26+(msd+=+'.*VB.PRS.AKT.*'+%7C+msd+=+'.*VB.PRT.AKT.*')]+[msd+=+'.*INF.AKT.*']+[msd+!=+'.*INF.*']))&corpus=flashback-dator&subcqp0=[lemma+contains+'hata'+%26+(msd+=+'.*VB.PRS.AKT.*'+%7C+msd+=+'.*VB.PRT.AKT.*')]+[word+=+'att'+%25c]+[msd+=+'.*INF.AKT.*']+[msd+!=+'.*INF.*']&subcqp1=[lemma+contains+'hata'+%26+(msd+=+'.*VB.PRS.AKT.*'+%7C+msd+=+'.*VB.PRT.AKT.*')]+[msd+=+'.*INF.AKT.*']+[msd+!=+'.*INF.*']
ss90_sakna	2	https://ws.spraakbanken.gu.se/ws/korp/v8/count_time?cqp=(([lemma+contains+'sakna'+%26+(msd+=+'.*VB.PRS.AKT.*'+%7C+msd+=+'.*VB.PRT.AKT.*')]+[word+=+'att'+%25c]+[msd+=+'.*INF.AKT.*']+[msd+!=+'.*INF.*'])+%7C+([lemma+contains+'sakna'+%26+(msd+=+'.*VB.PRS.AKT.*'+%7C+msd+=+'.*VB.PRT.AKT.*')]+[msd+=+'.*INF.AKT.*']+[msd+!=+'.*INF.*']))&corpus=flashback-dator&subcqp0=[lemma+contains+'sakna'+%26+(msd+=+'.*VB.PRS.AKT.*'+%7C+msd+=+'.*VB.PRT.AKT.*')]+[word+=+'att'+%25c]+[msd+=+'.*INF.AKT.*']+[msd+!=+'.*INF.*']&subcqp1=[lemma+contains+'sakna'+%26+(msd+=+'.*VB.PRS.AKT.*'+%7C+msd+=+'.*VB.PRT.AKT.*')]+[msd+=+'.*INF.AKT.*']+[msd+!=+'.*INF.*']
ss90_tolerera	2	https://ws.spraakbanken.gu.se/ws/korp/v8/count_time?cqp=(([lemma+contains+'tolerera'+%26+(msd+=+'.*VB.PRS.AKT.*'+%7C+msd+=+'.*VB.PRT.AKT.*')]+[word+=+'att'+%25c]+[msd+=+'.*INF.AKT.*']+[msd+!=+'.*INF.*'])+%7C+([lemma+contains+'tolerera'+%26+(msd+=+'.*VB.PRS.AKT.*'+%7C+msd+=+'.*VB.PRT.AKT.*')]+[msd+=+'.*INF.AKT.*']+[msd+!=+'.*INF.*']))&corpus=flashback-dator&subcqp0=[lemma+contains+'tolerera'+%26+(msd+=+'.*VB.PRS.AKT.*'+%7C+msd+=+'.*VB.PRT.AKT.*')]+[word+=+'att'+%25c]+[msd+=+'.*INF.AKT.*']+[msd+!=+'.*INF.*']&subcqp1=[lemma+contains+'tolerera'+%26+(msd+=+'.*VB.PRS.AKT.*'+%7C+msd+=+'.*VB.PRT.AKT.*')]+[msd+=+'.*INF.AKT.*']+[msd+!=+'.*INF.*']
smiley1vs2neg	2	https://ws.spraakbanken.gu.se/ws/korp/v8/count_time?cqp=(([word+=+':-%5C('])+%7C+([word+=+':%5C(']))&corpus=flashback-dator&subcqp0=[word+=+':-%5C(']&subcqp1=[word+=+':%5C(']
smiley1vs2	2	https://ws.spraakbanken.gu.se/ws/korp/v8/count_time?cqp=(([word+=+':-%5C)'])+%7C+([word+=+':%5C)']))&corpus=flashback-dator&subcqp0=[word+=+':-%5C)']&subcqp1=[word+=+':%5C)']
smiley1	1	https://ws.spraakbanken.gu.se/ws/korp/v8/count_time?cqp=([word+=+':-%5C)'])&corpus=flashback-dator
smiley2	1	https://ws.spraakbanken.gu.se/ws/korp/v8/count_time?cqp=([word+=+':%5C)'])&corpus=flashback-dator
smiley1neg	1	https://ws.spraakbanken.gu.se/ws/korp/v8/count_time?cqp=([word+=+':-%5C('])&corpus=flashback-dator
